usager_id,age,niveau_diplome,anciennete_poste_ans,code_rome_vise,code_insee_commune,est_allocataire,nationalite_hors_ue,synthese_entretien,classe_retour_emploi
ID_SYN_0000,56.0,Sans diplôme,1.6,C1102,78397,0.0,0,Cumul de difficultés. Pas de moyen de transport et garde d'enfants complexe.,2
ID_SYN_0001,38.0,Sans diplôme,4.3,N1301,86181,1.0,0,"Profil autonome, recherche active, aucun frein périphérique identifié.",1
ID_SYN_0002,36.0,Bac,2.6,N1101,56392,0.0,0,Problème ponctuel de mobilité géographique. Zone mal desservie.,1
ID_SYN_0003,57.0,Sans diplôme,1.1,H1504,46082,0.0,0,Projet de reconversion à affiner. Besoin d'une formation complémentaire.,2
ID_SYN_0004,39.0,Bac+5,3.0,C1102,73357,1.0,1,"Perte de confiance importante. Risque d'exclusion, barrière de la langue.",1
ID_SYN_0005,19.0,Bac+2,2.4,A1301,87673,1.0,0,Projet de reconversion à affiner. Besoin d'une formation complémentaire.,1
ID_SYN_0006,38.0,Bac,8.2,K1403,84320,0.0,0,"Candidat très dynamique, mobilité nationale validée. Projet clair.",0
ID_SYN_0007,42.0,Sans diplôme,8.6,M1607,84227,1.0,0,Projet de reconversion à affiner. Besoin d'une formation complémentaire.,2
ID_SYN_0008,59.0,Bac+2,2.2,D1503,90733,1.0,1,Cumul de difficultés. Pas de moyen de transport et garde d'enfants complexe.,2
ID_SYN_0009,61.0,Bac+2,2.4,G1302,09675,1.0,0,"Perte de confiance importante. Risque d'exclusion, barrière de la langue.",2
ID_SYN_0010,20.0,Bac+5,4.0,M1802,61142,0.0,0,"Perte de confiance importante. Risque d'exclusion, barrière de la langue.",1
ID_SYN_0011,35.0,Sans diplôme,5.4,M1602,53350,1.0,0,"Perte de confiance importante. Risque d'exclusion, barrière de la langue.",2
ID_SYN_0012,31.0,,1.5,C1501,83240,1.0,0,Projet de reconversion à affiner. Besoin d'une formation complémentaire.,1
ID_SYN_0013,37.0,Bac+2,5.9,K2106,33953,1.0,0,Freins périphériques majeurs. Situation d'illettrisme numérique constatée.,2
ID_SYN_0014,24.0,Bac+5,14.7,N4301,35973,1.0,0,Cumul de difficultés. Pas de moyen de transport et garde d'enfants complexe.,1
ID_SYN_0015,57.0,Bac,3.8,K2101,24416,0.0,0,"Candidat très dynamique, mobilité nationale validée. Projet clair.",1
ID_SYN_0016,23.0,Sans diplôme,3.7,C1501,50009,1.0,0,"Profil autonome, recherche active, aucun frein périphérique identifié.",1
ID_SYN_0017,35.0,Bac,0.6,K1903,03552,1.0,0,"Excellente présentation, compétences techniques à jour. Reprise rapide visée.",0
ID_SYN_0018,51.0,Bac,4.9,M1501,11322,1.0,0,"Profil autonome, recherche active, aucun frein périphérique identifié.",0
ID_SYN_0019,32.0,Bac,2.4,M1805,63296,1.0,0,Problème ponctuel de mobilité géographique. Zone mal desservie.,1
ID_SYN_0020,40.0,Sans diplôme,4.4,N4301,96673,1.0,1,Cumul de difficultés. Pas de moyen de transport et garde d'enfants complexe.,2
ID_SYN_0021,62.0,Bac+2,2.9,K1304,16860,1.0,0,Cumul de difficultés. Pas de moyen de transport et garde d'enfants complexe.,2
ID_SYN_0022,41.0,Sans diplôme,0.6,A1501,93778,1.0,0,Compétences à réactualiser sur les outils numériques. Motivation correcte.,2
ID_SYN_0023,58.0,Bac,1.1,G1302,88684,1.0,0,"Profil autonome, recherche active, aucun frein périphérique identifié.",1
ID_SYN_0024,62.0,Bac,1.4,K1601,54354,1.0,0,"Profil autonome, recherche active, aucun frein périphérique identifié.",1
ID_SYN_0025,28.0,Sans diplôme,4.6,M1806,86649,1.0,0,Compétences à réactualiser sur les outils numériques. Motivation correcte.,2
ID_SYN_0026,25.0,Sans diplôme,5.6,D1406,25931,0.0,0,"Profil autonome, recherche active, aucun frein périphérique identifié.",1
ID_SYN_0027,56.0,Sans diplôme,5.1,K1304,73132,1.0,0,Projet de reconversion à affiner. Besoin d'une formation complémentaire.,2
ID_SYN_0028,45.0,Bac+2,3.7,D1210,54269,0.0,0,"Profil autonome, recherche active, aucun frein périphérique identifié.",0
ID_SYN_0029,40.0,Sans diplôme,6.0,G1203,60638,0.0,0,"Perte de confiance importante. Risque d'exclusion, barrière de la langue.",2
ID_SYN_0030,54.0,Bac+2,5.3,C1501,25890,1.0,0,Freins périphériques majeurs. Situation d'illettrisme numérique constatée.,2
ID_SYN_0031,18.0,,7.7,A1401,77569,1.0,0,Compétences à réactualiser sur les outils numériques. Motivation correcte.,1
ID_SYN_0032,31.0,Bac+5,4.1,A1501,78992,0.0,0,Problème ponctuel de mobilité géographique. Zone mal desservie.,0
ID_SYN_0033,31.0,Bac+5,5.0,M1705,11745,1.0,0,Compétences à réactualiser sur les outils numériques. Motivation correcte.,0
ID_SYN_0034,26.0,Bac+2,1.5,F1603,35814,1.0,0,"Excellente présentation, compétences techniques à jour. Reprise rapide visée.",0
ID_SYN_0035,49.0,Bac+2,3.7,A1202,61068,0.0,0,Projet de reconversion à affiner. Besoin d'une formation complémentaire.,1
ID_SYN_0036,49.0,Bac+2,1.3,H1504,10016,1.0,0,Problème ponctuel de mobilité géographique. Zone mal desservie.,1
ID_SYN_0037,32.0,Bac,4.0,A1202,88538,1.0,0,Cumul de difficultés. Pas de moyen de transport et garde d'enfants complexe.,2
ID_SYN_0038,53.0,Bac,3.1,C1110,98310,1.0,0,Projet de reconversion à affiner. Besoin d'une formation complémentaire.,1
ID_SYN_0039,45.0,Bac,4.6,K2101,65032,1.0,0,"Candidat très dynamique, mobilité nationale validée. Projet clair.",0
ID_SYN_0040,62.0,Bac+5,1.5,A1202,44719,1.0,0,Compétences à réactualiser sur les outils numériques. Motivation correcte.,1
ID_SYN_0041,61.0,Bac+2,2.1,M1203,02267,1.0,0,"Perte de confiance importante. Risque d'exclusion, barrière de la langue.",2
ID_SYN_0042,47.0,Bac+5,2.0,M1602,73420,0.0,0,"Excellente présentation, compétences techniques à jour. Reprise rapide visée.",0
ID_SYN_0043,42.0,Sans diplôme,5.1,H1504,28535,1.0,0,Compétences à réactualiser sur les outils numériques. Motivation correcte.,2
ID_SYN_0044,50.0,Bac+2,5.5,F1603,22299,1.0,0,Problème ponctuel de mobilité géographique. Zone mal desservie.,1
ID_SYN_0045,30.0,Bac+5,0.6,J1506,88806,0.0,0,"Excellente présentation, compétences techniques à jour. Reprise rapide visée.",0
ID_SYN_0046,56.0,Bac+5,3.1,K1601,30154,1.0,0,Compétences à réactualiser sur les outils numériques. Motivation correcte.,1
ID_SYN_0047,50.0,Bac+5,0.7,A1203,87511,1.0,0,"Profil autonome, recherche active, aucun frein périphérique identifié.",0
ID_SYN_0048,61.0,Bac,1.4,J1301,90065,,0,Cumul de difficultés. Pas de moyen de transport et garde d'enfants complexe.,2
ID_SYN_0049,41.0,Bac,1.7,M1602,35795,0.0,1,Problème ponctuel de mobilité géographique. Zone mal desservie.,1
ID_SYN_0050,,Bac+2,2.7,C1201,51488,1.0,0,Cumul de difficultés. Pas de moyen de transport et garde d'enfants complexe.,2
ID_SYN_0051,34.0,Sans diplôme,0.4,M1806,95297,1.0,0,Cumul de difficultés. Pas de moyen de transport et garde d'enfants complexe.,2
ID_SYN_0052,19.0,Bac+2,1.5,M1705,42145,1.0,1,"Excellente présentation, compétences techniques à jour. Reprise rapide visée.",0
ID_SYN_0053,50.0,Sans diplôme,2.8,J1301,92384,1.0,0,"Excellente présentation, compétences techniques à jour. Reprise rapide visée.",1
ID_SYN_0054,19.0,Sans diplôme,8.3,M1705,75593,1.0,0,Problème ponctuel de mobilité géographique. Zone mal desservie.,2
ID_SYN_0055,28.0,Bac,15.6,K1403,58905,0.0,0,"Excellente présentation, compétences techniques à jour. Reprise rapide visée.",0
ID_SYN_0056,51.0,Sans diplôme,1.4,M1805,12114,1.0,0,Problème ponctuel de mobilité géographique. Zone mal desservie.,2
ID_SYN_0057,28.0,Bac+2,4.3,M1806,41687,0.0,1,"Profil autonome, recherche active, aucun frein périphérique identifié.",0
ID_SYN_0058,23.0,Sans diplôme,4.4,K1403,55321,0.0,0,Projet de reconversion à affiner. Besoin d'une formation complémentaire.,2
ID_SYN_0059,20.0,Bac+2,9.5,M1802,91128,1.0,0,Problème ponctuel de mobilité géographique. Zone mal desservie.,1
ID_SYN_0060,,Bac+2,5.6,N1101,68889,0.0,0,Problème ponctuel de mobilité géographique. Zone mal desservie.,1
ID_SYN_0061,37.0,Bac+2,0.9,M1805,70616,0.0,0,Freins périphériques majeurs. Situation d'illettrisme numérique constatée.,2
ID_SYN_0062,56.0,Bac+2,4.1,K1201,72810,1.0,0,Cumul de difficultés. Pas de moyen de transport et garde d'enfants complexe.,2
ID_SYN_0063,18.0,Sans diplôme,6.8,W1401,69327,1.0,0,"Candidat très dynamique, mobilité nationale validée. Projet clair.",1
ID_SYN_0064,48.0,Bac,5.6,G1801,71798,1.0,0,"Excellente présentation, compétences techniques à jour. Reprise rapide visée.",0
ID_SYN_0065,52.0,Sans diplôme,1.5,J1506,44369,0.0,0,"Perte de confiance importante. Risque d'exclusion, barrière de la langue.",2
ID_SYN_0066,19.0,Bac,1.7,N4301,76456,1.0,1,Compétences à réactualiser sur les outils numériques. Motivation correcte.,1
ID_SYN_0067,29.0,Sans diplôme,6.1,K2111,98978,1.0,0,"Perte de confiance importante. Risque d'exclusion, barrière de la langue.",2
ID_SYN_0068,58.0,Bac+5,3.2,A1203,51968,1.0,0,Freins périphériques majeurs. Situation d'illettrisme numérique constatée.,2
ID_SYN_0069,33.0,Bac+2,4.6,M1705,71008,0.0,0,Problème ponctuel de mobilité géographique. Zone mal desservie.,1
ID_SYN_0070,,Bac,7.0,K1403,24819,0.0,0,Problème ponctuel de mobilité géographique. Zone mal desservie.,1
ID_SYN_0071,57.0,Bac,3.6,G1302,56255,0.0,0,"Perte de confiance importante. Risque d'exclusion, barrière de la langue.",2
ID_SYN_0072,63.0,Sans diplôme,18.3,D1503,86215,1.0,1,"Excellente présentation, compétences techniques à jour. Reprise rapide visée.",2
ID_SYN_0073,33.0,,2.8,M1705,20973,0.0,0,Compétences à réactualiser sur les outils numériques. Motivation correcte.,1
ID_SYN_0074,25.0,Bac,1.9,W1401,49351,1.0,0,"Candidat très dynamique, mobilité nationale validée. Projet clair.",0
ID_SYN_0075,34.0,Bac+2,4.0,C1110,76849,0.0,0,"Candidat très dynamique, mobilité nationale validée. Projet clair.",0
ID_SYN_0076,,Bac,0.2,A1501,78607,,0,"Profil autonome, recherche active, aucun frein périphérique identifié.",0
ID_SYN_0077,63.0,Bac+2,3.6,M1501,06383,1.0,0,Projet de reconversion à affiner. Besoin d'une formation complémentaire.,2
ID_SYN_0078,25.0,Bac,2.9,K1903,14833,1.0,0,"Perte de confiance importante. Risque d'exclusion, barrière de la langue.",2
ID_SYN_0079,51.0,Bac,7.4,N1303,69386,1.0,0,Problème ponctuel de mobilité géographique. Zone mal desservie.,1
ID_SYN_0080,50.0,Bac,0.6,N1303,78656,1.0,0,"Perte de confiance importante. Risque d'exclusion, barrière de la langue.",2
ID_SYN_0081,36.0,Bac+5,8.3,N4301,61910,0.0,0,"Profil autonome, recherche active, aucun frein périphérique identifié.",0
ID_SYN_0082,61.0,Bac+2,3.9,D1502,47507,1.0,0,Freins périphériques majeurs. Situation d'illettrisme numérique constatée.,2
ID_SYN_0083,46.0,Bac,4.6,K2106,26042,1.0,0,Compétences à réactualiser sur les outils numériques. Motivation correcte.,1
ID_SYN_0084,54.0,Bac+2,2.0,K1304,03260,1.0,0,Freins périphériques majeurs. Situation d'illettrisme numérique constatée.,2
ID_SYN_0085,63.0,Bac,1.8,M1203,70588,0.0,0,Freins périphériques majeurs. Situation d'illettrisme numérique constatée.,2
ID_SYN_0086,40.0,,5.2,G1203,31217,1.0,0,"Candidat très dynamique, mobilité nationale validée. Projet clair.",0
ID_SYN_0087,20.0,Sans diplôme,3.4,D1406,29361,1.0,0,Problème ponctuel de mobilité géographique. Zone mal desservie.,2
ID_SYN_0088,20.0,Bac,0.7,D1406,39829,1.0,0,Projet de reconversion à affiner. Besoin d'une formation complémentaire.,1
ID_SYN_0089,41.0,Sans diplôme,13.0,M1203,39290,1.0,0,Compétences à réactualiser sur les outils numériques. Motivation correcte.,2
ID_SYN_0090,59.0,Sans diplôme,0.9,K1601,63746,1.0,0,"Candidat très dynamique, mobilité nationale validée. Projet clair.",2
ID_SYN_0091,34.0,Sans diplôme,4.1,J1301,65454,1.0,0,Projet de reconversion à affiner. Besoin d'une formation complémentaire.,2
ID_SYN_0092,43.0,Bac+2,9.9,C1102,33530,0.0,0,"Candidat très dynamique, mobilité nationale validée. Projet clair.",0
ID_SYN_0093,42.0,Bac+2,1.3,I1304,60049,1.0,0,Cumul de difficultés. Pas de moyen de transport et garde d'enfants complexe.,2
ID_SYN_0094,53.0,Bac,3.3,M1705,98004,1.0,0,Compétences à réactualiser sur les outils numériques. Motivation correcte.,1
ID_SYN_0095,18.0,Bac+2,2.4,D1401,73350,0.0,0,"Profil autonome, recherche active, aucun frein périphérique identifié.",0
ID_SYN_0096,40.0,Sans diplôme,1.4,G1601,93662,1.0,0,"Profil autonome, recherche active, aucun frein périphérique identifié.",1
ID_SYN_0097,51.0,Bac+5,3.2,K1201,16043,0.0,0,"Profil autonome, recherche active, aucun frein périphérique identifié.",0
ID_SYN_0098,42.0,Bac+2,1.2,G1602,78993,1.0,0,Problème ponctuel de mobilité géographique. Zone mal desservie.,1
ID_SYN_0099,39.0,Bac+2,1.9,G1302,66597,0.0,0,"Perte de confiance importante. Risque d'exclusion, barrière de la langue.",2
ID_SYN_0100,23.0,Bac,3.0,A1203,12970,1.0,0,"Candidat très dynamique, mobilité nationale validée. Projet clair.",0
ID_SYN_0101,60.0,Bac+2,2.9,M1501,06273,1.0,0,"Candidat très dynamique, mobilité nationale validée. Projet clair.",1
ID_SYN_0102,61.0,Sans diplôme,0.9,M1801,65451,1.0,0,"Perte de confiance importante. Risque d'exclusion, barrière de la langue.",2
ID_SYN_0103,56.0,Bac,13.9,H1206,54955,0.0,0,Problème ponctuel de mobilité géographique. Zone mal desservie.,1
ID_SYN_0104,33.0,Bac,3.3,C1102,42224,1.0,0,Freins périphériques majeurs. Situation d'illettrisme numérique constatée.,2
ID_SYN_0105,45.0,Sans diplôme,1.2,M1805,72118,1.0,0,Compétences à réactualiser sur les outils numériques. Motivation correcte.,2
ID_SYN_0106,40.0,Sans diplôme,5.4,N4301,07764,1.0,0,Freins périphériques majeurs. Situation d'illettrisme numérique constatée.,2
ID_SYN_0107,29.0,Bac,0.7,A1203,83578,1.0,0,Projet de reconversion à affiner. Besoin d'une formation complémentaire.,1
ID_SYN_0108,51.0,Bac,2.0,D1503,15871,1.0,0,Projet de reconversion à affiner. Besoin d'une formation complémentaire.,1
ID_SYN_0109,42.0,Sans diplôme,0.7,N1301,36838,1.0,0,Cumul de difficultés. Pas de moyen de transport et garde d'enfants complexe.,2
ID_SYN_0110,56.0,Bac,5.7,M1607,67616,1.0,0,"Profil autonome, recherche active, aucun frein périphérique identifié.",1
ID_SYN_0111,22.0,Sans diplôme,0.6,K2101,36018,1.0,0,"Excellente présentation, compétences techniques à jour. Reprise rapide visée.",1
ID_SYN_0112,33.0,Bac,10.3,C1501,59529,1.0,1,Freins périphériques majeurs. Situation d'illettrisme numérique constatée.,2
ID_SYN_0113,39.0,Bac,4.0,D1406,92422,1.0,0,"Excellente présentation, compétences techniques à jour. Reprise rapide visée.",0
ID_SYN_0114,43.0,Bac,5.2,N1301,50968,1.0,0,Freins périphériques majeurs. Situation d'illettrisme numérique constatée.,2
ID_SYN_0115,38.0,Bac+2,0.7,C1302,66836,,0,Compétences à réactualiser sur les outils numériques. Motivation correcte.,1
ID_SYN_0116,40.0,Bac,2.5,A1202,95692,1.0,0,Freins périphériques majeurs. Situation d'illettrisme numérique constatée.,2
ID_SYN_0117,22.0,Bac+5,2.1,H1206,82691,0.0,0,"Candidat très dynamique, mobilité nationale validée. Projet clair.",0
ID_SYN_0118,36.0,Bac+2,4.3,G1801,83155,1.0,0,"Perte de confiance importante. Risque d'exclusion, barrière de la langue.",2
ID_SYN_0119,18.0,Bac+2,10.8,D1503,98880,0.0,0,"Candidat très dynamique, mobilité nationale validée. Projet clair.",0
ID_SYN_0120,33.0,,3.9,N1101,40251,1.0,0,Problème ponctuel de mobilité géographique. Zone mal desservie.,1
ID_SYN_0121,45.0,Sans diplôme,4.7,F1603,70621,0.0,0,Problème ponctuel de mobilité géographique. Zone mal desservie.,2
ID_SYN_0122,52.0,Bac+2,3.1,M1705,90539,0.0,0,"Perte de confiance importante. Risque d'exclusion, barrière de la langue.",2
ID_SYN_0123,50.0,Bac+5,4.2,M1805,02231,1.0,0,"Candidat très dynamique, mobilité nationale validée. Projet clair.",0
ID_SYN_0124,18.0,Bac,4.1,M1602,40210,1.0,0,"Excellente présentation, compétences techniques à jour. Reprise rapide visée.",0
ID_SYN_0125,27.0,Bac,1.4,K1601,14979,1.0,0,"Perte de confiance importante. Risque d'exclusion, barrière de la langue.",2
ID_SYN_0126,63.0,Bac+2,1.1,G1302,02061,,0,"Perte de confiance importante. Risque d'exclusion, barrière de la langue.",2
ID_SYN_0127,52.0,Bac+2,7.1,G1601,31162,0.0,0,Freins périphériques majeurs. Situation d'illettrisme numérique constatée.,2
ID_SYN_0128,27.0,Bac,0.7,M1801,13735,1.0,0,Problème ponctuel de mobilité géographique. Zone mal desservie.,1
ID_SYN_0129,51.0,Bac+2,2.7,C1102,39680,1.0,0,Problème ponctuel de mobilité géographique. Zone mal desservie.,1
ID_SYN_0130,62.0,Bac,2.6,K2106,66771,1.0,0,"Excellente présentation, compétences techniques à jour. Reprise rapide visée.",1
ID_SYN_0131,53.0,Bac+5,1.7,N4101,45396,1.0,0,"Candidat très dynamique, mobilité nationale validée. Projet clair.",0
ID_SYN_0132,26.0,Bac,10.5,M1203,48942,1.0,0,"Perte de confiance importante. Risque d'exclusion, barrière de la langue.",2
ID_SYN_0133,53.0,Bac,9.4,M1602,50941,0.0,0,"Candidat très dynamique, mobilité nationale validée. Projet clair.",0
ID_SYN_0134,56.0,Bac+5,6.3,G1801,80964,0.0,0,Cumul de difficultés. Pas de moyen de transport et garde d'enfants complexe.,1
ID_SYN_0135,29.0,Sans diplôme,3.4,C1201,19320,1.0,0,"Perte de confiance importante. Risque d'exclusion, barrière de la langue.",2
ID_SYN_0136,,Sans diplôme,1.2,C1302,51940,0.0,0,Cumul de difficultés. Pas de moyen de transport et garde d'enfants complexe.,2
ID_SYN_0137,37.0,Bac+2,5.2,J1506,86841,1.0,0,Problème ponctuel de mobilité géographique. Zone mal desservie.,1
ID_SYN_0138,39.0,Bac,1.6,D1502,59115,,0,"Excellente présentation, compétences techniques à jour. Reprise rapide visée.",0
ID_SYN_0139,58.0,Bac,2.1,A1401,53184,,0,"Excellente présentation, compétences techniques à jour. Reprise rapide visée.",1
ID_SYN_0140,26.0,,3.7,M1802,84819,1.0,0,"Profil autonome, recherche active, aucun frein périphérique identifié.",0
ID_SYN_0141,36.0,Sans diplôme,2.5,A1501,73641,0.0,0,"Profil autonome, recherche active, aucun frein périphérique identifié.",1
ID_SYN_0142,33.0,Sans diplôme,0.3,G1302,19964,0.0,0,Compétences à réactualiser sur les outils numériques. Motivation correcte.,2
ID_SYN_0143,38.0,Bac,1.8,A1202,47955,0.0,0,Problème ponctuel de mobilité géographique. Zone mal desservie.,1
ID_SYN_0144,40.0,Bac,2.0,K2106,15896,0.0,0,"Perte de confiance importante. Risque d'exclusion, barrière de la langue.",2
ID_SYN_0145,56.0,Bac,3.5,D1503,81623,1.0,0,Cumul de difficultés. Pas de moyen de transport et garde d'enfants complexe.,2
ID_SYN_0146,,Bac+5,3.7,A1401,63781,1.0,0,Compétences à réactualiser sur les outils numériques. Motivation correcte.,0
ID_SYN_0147,29.0,Bac,9.3,G1801,80730,1.0,0,Projet de reconversion à affiner. Besoin d'une formation complémentaire.,1
ID_SYN_0148,61.0,Sans diplôme,2.9,M1607,70541,1.0,0,"Perte de confiance importante. Risque d'exclusion, barrière de la langue.",2
ID_SYN_0149,57.0,Bac,2.9,N1303,29183,1.0,0,Cumul de difficultés. Pas de moyen de transport et garde d'enfants complexe.,2
ID_SYN_0150,44.0,Bac+5,1.8,G1801,56936,1.0,0,Projet de reconversion à affiner. Besoin d'une formation complémentaire.,0
ID_SYN_0151,36.0,Bac,3.4,C1102,13219,1.0,0,Projet de reconversion à affiner. Besoin d'une formation complémentaire.,1
ID_SYN_0152,62.0,Bac+2,6.7,M1203,44207,0.0,0,Cumul de difficultés. Pas de moyen de transport et garde d'enfants complexe.,2
ID_SYN_0153,42.0,Bac,1.8,G1601,79696,1.0,0,Compétences à réactualiser sur les outils numériques. Motivation correcte.,1
ID_SYN_0154,53.0,Sans diplôme,1.4,H1504,73910,0.0,0,Projet de reconversion à affiner. Besoin d'une formation complémentaire.,2
ID_SYN_0155,56.0,Bac+2,2.3,A1203,80822,1.0,0,Cumul de difficultés. Pas de moyen de transport et garde d'enfants complexe.,2
ID_SYN_0156,43.0,Bac+5,1.4,H1206,47009,0.0,0,"Candidat très dynamique, mobilité nationale validée. Projet clair.",0
ID_SYN_0157,,Bac+5,0.2,C1102,98794,1.0,0,Compétences à réactualiser sur les outils numériques. Motivation correcte.,0
ID_SYN_0158,37.0,Bac,7.3,W1401,75395,0.0,0,"Excellente présentation, compétences techniques à jour. Reprise rapide visée.",0
ID_SYN_0159,42.0,Bac+5,5.2,G1302,59079,1.0,0,Projet de reconversion à affiner. Besoin d'une formation complémentaire.,0
ID_SYN_0160,55.0,Bac,7.7,H1504,57349,0.0,0,Projet de reconversion à affiner. Besoin d'une formation complémentaire.,1
ID_SYN_0161,62.0,Bac+2,2.1,J1301,79554,1.0,0,"Profil autonome, recherche active, aucun frein périphérique identifié.",1
ID_SYN_0162,38.0,Sans diplôme,2.4,G1801,16726,1.0,0,"Candidat très dynamique, mobilité nationale validée. Projet clair.",1
ID_SYN_0163,,Bac+2,3.6,M1203,88562,1.0,0,Cumul de difficultés. Pas de moyen de transport et garde d'enfants complexe.,2
ID_SYN_0164,31.0,Sans diplôme,1.1,G1801,76465,0.0,0,Projet de reconversion à affiner. Besoin d'une formation complémentaire.,2
ID_SYN_0165,28.0,Bac,8.5,D1210,82018,0.0,0,"Excellente présentation, compétences techniques à jour. Reprise rapide visée.",0
ID_SYN_0166,49.0,Bac+2,2.4,M1602,53487,1.0,0,"Perte de confiance importante. Risque d'exclusion, barrière de la langue.",2
ID_SYN_0167,25.0,Bac,1.5,A1501,67910,0.0,0,Problème ponctuel de mobilité géographique. Zone mal desservie.,1
ID_SYN_0168,53.0,Bac,0.1,F1603,14474,1.0,0,Problème ponctuel de mobilité géographique. Zone mal desservie.,1
ID_SYN_0169,45.0,Sans diplôme,1.7,W1401,83306,1.0,0,Problème ponctuel de mobilité géographique. Zone mal desservie.,2
ID_SYN_0170,53.0,Bac+2,0.2,M1801,42436,1.0,1,"Excellente présentation, compétences techniques à jour. Reprise rapide visée.",0
ID_SYN_0171,45.0,Sans diplôme,3.8,H1504,67497,0.0,0,Compétences à réactualiser sur les outils numériques. Motivation correcte.,2
ID_SYN_0172,30.0,Bac,0.6,M1705,78867,1.0,0,Projet de reconversion à affiner. Besoin d'une formation complémentaire.,1
ID_SYN_0173,62.0,Bac,10.2,M1501,86437,1.0,0,Freins périphériques majeurs. Situation d'illettrisme numérique constatée.,2
ID_SYN_0174,50.0,Bac+2,2.5,N1301,12053,,0,"Excellente présentation, compétences techniques à jour. Reprise rapide visée.",0
ID_SYN_0175,28.0,Sans diplôme,8.5,M1705,21807,1.0,0,Cumul de difficultés. Pas de moyen de transport et garde d'enfants complexe.,2
ID_SYN_0176,42.0,Bac+5,2.5,M1801,85843,1.0,0,Compétences à réactualiser sur les outils numériques. Motivation correcte.,0
ID_SYN_0177,18.0,Bac,7.1,H1206,11682,1.0,0,Problème ponctuel de mobilité géographique. Zone mal desservie.,1
ID_SYN_0178,23.0,Sans diplôme,3.7,C1302,78993,,0,"Perte de confiance importante. Risque d'exclusion, barrière de la langue.",2
ID_SYN_0179,20.0,Sans diplôme,10.7,M1805,93121,1.0,0,Problème ponctuel de mobilité géographique. Zone mal desservie.,2
ID_SYN_0180,54.0,Bac+2,5.8,K2101,48425,1.0,0,"Perte de confiance importante. Risque d'exclusion, barrière de la langue.",2
ID_SYN_0181,,Bac,5.3,D1503,19030,0.0,0,"Profil autonome, recherche active, aucun frein périphérique identifié.",0
ID_SYN_0182,63.0,Bac,1.2,A1301,87760,1.0,0,Cumul de difficultés. Pas de moyen de transport et garde d'enfants complexe.,2
ID_SYN_0183,18.0,Bac+2,1.1,N1303,58366,1.0,0,Problème ponctuel de mobilité géographique. Zone mal desservie.,1
ID_SYN_0184,,Bac,2.8,D1503,70993,,0,Freins périphériques majeurs. Situation d'illettrisme numérique constatée.,2
ID_SYN_0185,20.0,,1.9,K1403,37932,1.0,0,Freins périphériques majeurs. Situation d'illettrisme numérique constatée.,2
ID_SYN_0186,29.0,Bac,1.6,G1203,07839,0.0,0,Problème ponctuel de mobilité géographique. Zone mal desservie.,1
ID_SYN_0187,54.0,Bac+5,15.0,G1601,11993,0.0,0,Projet de reconversion à affiner. Besoin d'une formation complémentaire.,0
ID_SYN_0188,19.0,Bac,3.3,K1304,46820,0.0,0,"Profil autonome, recherche active, aucun frein périphérique identifié.",0
ID_SYN_0189,35.0,Bac,2.9,H2502,30430,1.0,0,Projet de reconversion à affiner. Besoin d'une formation complémentaire.,1
ID_SYN_0190,,Bac+5,3.5,A1301,38601,1.0,0,Problème ponctuel de mobilité géographique. Zone mal desservie.,0
ID_SYN_0191,50.0,Bac,1.8,C1102,03490,1.0,0,Compétences à réactualiser sur les outils numériques. Motivation correcte.,1
ID_SYN_0192,47.0,Bac+5,6.0,W1401,38762,1.0,0,Projet de reconversion à affiner. Besoin d'une formation complémentaire.,0
ID_SYN_0193,21.0,Sans diplôme,3.7,C1201,66513,1.0,0,Projet de reconversion à affiner. Besoin d'une formation complémentaire.,2
ID_SYN_0194,34.0,Sans diplôme,0.3,A1202,81584,0.0,0,"Perte de confiance importante. Risque d'exclusion, barrière de la langue.",2
ID_SYN_0195,51.0,Bac+2,2.7,A1501,69951,1.0,0,"Excellente présentation, compétences techniques à jour. Reprise rapide visée.",0
ID_SYN_0196,19.0,Bac+5,6.6,M1801,51709,0.0,0,Compétences à réactualiser sur les outils numériques. Motivation correcte.,0
ID_SYN_0197,40.0,Bac,11.8,W1401,77271,1.0,0,Projet de reconversion à affiner. Besoin d'une formation complémentaire.,1
ID_SYN_0198,33.0,Bac,0.9,W1401,90742,1.0,0,Problème ponctuel de mobilité géographique. Zone mal desservie.,1
ID_SYN_0199,20.0,Bac+2,4.2,A1301,39462,1.0,0,Freins périphériques majeurs. Situation d'illettrisme numérique constatée.,2
ID_SYN_0200,44.0,Bac+5,1.0,K2111,63049,0.0,0,"Perte de confiance importante. Risque d'exclusion, barrière de la langue.",1
ID_SYN_0201,36.0,Bac+2,4.2,G1302,17315,1.0,0,"Excellente présentation, compétences techniques à jour. Reprise rapide visée.",0
ID_SYN_0202,35.0,Bac,1.2,D1401,66038,1.0,1,"Excellente présentation, compétences techniques à jour. Reprise rapide visée.",0
ID_SYN_0203,18.0,Bac,1.6,C1102,57440,0.0,0,"Perte de confiance importante. Risque d'exclusion, barrière de la langue.",2
ID_SYN_0204,29.0,Bac+5,1.6,G1602,59447,0.0,0,"Candidat très dynamique, mobilité nationale validée. Projet clair.",0
ID_SYN_0205,62.0,Bac,0.7,M1705,58008,1.0,0,"Excellente présentation, compétences techniques à jour. Reprise rapide visée.",1
ID_SYN_0206,43.0,,4.3,K2101,90051,0.0,0,"Excellente présentation, compétences techniques à jour. Reprise rapide visée.",0
ID_SYN_0207,47.0,Sans diplôme,7.0,A1501,31932,1.0,0,Problème ponctuel de mobilité géographique. Zone mal desservie.,2
ID_SYN_0208,34.0,Bac,5.5,H2502,49760,1.0,0,Freins périphériques majeurs. Situation d'illettrisme numérique constatée.,2
ID_SYN_0209,32.0,Sans diplôme,1.5,F1603,15869,1.0,0,"Candidat très dynamique, mobilité nationale validée. Projet clair.",1
ID_SYN_0210,,Sans diplôme,5.2,N1301,59493,1.0,0,"Candidat très dynamique, mobilité nationale validée. Projet clair.",1
ID_SYN_0211,19.0,Bac+2,1.3,A1501,60250,,0,Problème ponctuel de mobilité géographique. Zone mal desservie.,1
ID_SYN_0212,31.0,Bac+2,5.5,M1805,46537,1.0,1,"Excellente présentation, compétences techniques à jour. Reprise rapide visée.",0
ID_SYN_0213,62.0,Bac,4.1,H2502,67683,0.0,0,Problème ponctuel de mobilité géographique. Zone mal desservie.,1
ID_SYN_0214,55.0,,0.4,M1203,76009,0.0,0,"Excellente présentation, compétences techniques à jour. Reprise rapide visée.",0
ID_SYN_0215,54.0,Bac+5,3.3,J1301,94969,1.0,0,"Candidat très dynamique, mobilité nationale validée. Projet clair.",0
ID_SYN_0216,56.0,Bac,0.9,M1802,10720,1.0,0,"Excellente présentation, compétences techniques à jour. Reprise rapide visée.",1
ID_SYN_0217,61.0,Bac+2,1.5,W1401,17912,1.0,0,Problème ponctuel de mobilité géographique. Zone mal desservie.,2
ID_SYN_0218,30.0,Bac+5,9.4,D1210,43291,0.0,0,Problème ponctuel de mobilité géographique. Zone mal desservie.,0
ID_SYN_0219,62.0,Bac,5.6,G1203,26729,1.0,0,Projet de reconversion à affiner. Besoin d'une formation complémentaire.,2
ID_SYN_0220,53.0,Bac+2,13.8,M1802,23103,0.0,0,Cumul de difficultés. Pas de moyen de transport et garde d'enfants complexe.,2
ID_SYN_0221,61.0,Bac+2,6.1,M1501,06399,1.0,1,"Excellente présentation, compétences techniques à jour. Reprise rapide visée.",1
ID_SYN_0222,58.0,Sans diplôme,4.9,W1401,75991,1.0,0,"Profil autonome, recherche active, aucun frein périphérique identifié.",2
ID_SYN_0223,62.0,Bac+2,2.1,K1601,33096,1.0,0,"Candidat très dynamique, mobilité nationale validée. Projet clair.",1
ID_SYN_0224,50.0,Bac+2,2.3,J1506,64471,0.0,0,Freins périphériques majeurs. Situation d'illettrisme numérique constatée.,2
ID_SYN_0225,47.0,Bac,0.1,J1301,18139,1.0,0,"Excellente présentation, compétences techniques à jour. Reprise rapide visée.",0
ID_SYN_0226,26.0,Bac,2.9,F1603,19465,0.0,0,Freins périphériques majeurs. Situation d'illettrisme numérique constatée.,2
ID_SYN_0227,53.0,Bac,3.2,G1801,76718,1.0,0,Problème ponctuel de mobilité géographique. Zone mal desservie.,1
ID_SYN_0228,32.0,Sans diplôme,5.7,K1903,04037,,0,"Candidat très dynamique, mobilité nationale validée. Projet clair.",1
ID_SYN_0229,47.0,Bac,4.2,A1401,37877,0.0,0,Compétences à réactualiser sur les outils numériques. Motivation correcte.,1
ID_SYN_0230,32.0,Bac+5,1.0,K1201,18555,1.0,0,Projet de reconversion à affiner. Besoin d'une formation complémentaire.,0
ID_SYN_0231,43.0,Bac+2,5.8,D1406,48516,1.0,0,Cumul de difficultés. Pas de moyen de transport et garde d'enfants complexe.,2
ID_SYN_0232,21.0,Sans diplôme,1.3,C1302,13672,1.0,0,Projet de reconversion à affiner. Besoin d'une formation complémentaire.,2
ID_SYN_0233,50.0,Bac+5,3.4,M1607,67731,1.0,0,"Profil autonome, recherche active, aucun frein périphérique identifié.",0
ID_SYN_0234,31.0,Sans diplôme,9.5,K1403,20521,1.0,0,Cumul de difficultés. Pas de moyen de transport et garde d'enfants complexe.,2
ID_SYN_0235,54.0,Bac,5.1,M1602,45089,1.0,0,"Candidat très dynamique, mobilité nationale validée. Projet clair.",0
ID_SYN_0236,20.0,Bac,2.8,H2502,44416,1.0,0,Compétences à réactualiser sur les outils numériques. Motivation correcte.,1
ID_SYN_0237,27.0,,11.2,M1607,63205,1.0,0,Compétences à réactualiser sur les outils numériques. Motivation correcte.,1
ID_SYN_0238,57.0,Bac+2,11.2,M1602,63973,1.0,0,Compétences à réactualiser sur les outils numériques. Motivation correcte.,2
ID_SYN_0239,18.0,Bac+2,2.6,A1301,76047,1.0,0,"Profil autonome, recherche active, aucun frein périphérique identifié.",0
ID_SYN_0240,52.0,Sans diplôme,21.2,J1506,66774,0.0,0,"Profil autonome, recherche active, aucun frein périphérique identifié.",1
ID_SYN_0241,61.0,Bac+5,4.8,K2106,28176,1.0,0,Problème ponctuel de mobilité géographique. Zone mal desservie.,1
ID_SYN_0242,51.0,,2.4,K2111,45869,1.0,1,Freins périphériques majeurs. Situation d'illettrisme numérique constatée.,2
ID_SYN_0243,52.0,Bac+2,3.3,M1705,64462,1.0,0,"Candidat très dynamique, mobilité nationale validée. Projet clair.",0
ID_SYN_0244,46.0,Bac,3.8,W1401,38880,0.0,1,"Candidat très dynamique, mobilité nationale validée. Projet clair.",0
ID_SYN_0245,58.0,Bac+2,5.1,G1601,16974,1.0,0,"Candidat très dynamique, mobilité nationale validée. Projet clair.",1
ID_SYN_0246,54.0,Bac,4.7,G1601,06513,1.0,0,Problème ponctuel de mobilité géographique. Zone mal desservie.,1
ID_SYN_0247,31.0,Bac+2,3.8,D1502,27485,1.0,0,Freins périphériques majeurs. Situation d'illettrisme numérique constatée.,2
ID_SYN_0248,57.0,Bac,9.9,F1603,07653,0.0,0,"Profil autonome, recherche active, aucun frein périphérique identifié.",1
ID_SYN_0249,55.0,Bac,1.9,C1110,90285,0.0,0,Freins périphériques majeurs. Situation d'illettrisme numérique constatée.,2
ID_SYN_0250,32.0,Sans diplôme,0.3,K1601,86267,1.0,0,Freins périphériques majeurs. Situation d'illettrisme numérique constatée.,2
ID_SYN_0251,19.0,,6.1,M1802,76252,1.0,1,Projet de reconversion à affiner. Besoin d'une formation complémentaire.,1
ID_SYN_0252,57.0,Bac+2,3.4,D1401,05763,0.0,1,"Perte de confiance importante. Risque d'exclusion, barrière de la langue.",2
ID_SYN_0253,20.0,Bac,0.5,A1301,02214,1.0,1,"Candidat très dynamique, mobilité nationale validée. Projet clair.",0
ID_SYN_0254,25.0,Bac+2,1.1,K2106,65738,0.0,0,Cumul de difficultés. Pas de moyen de transport et garde d'enfants complexe.,2
ID_SYN_0255,50.0,Sans diplôme,4.3,D1210,96829,0.0,0,"Excellente présentation, compétences techniques à jour. Reprise rapide visée.",1
ID_SYN_0256,56.0,Bac,5.4,D1401,81079,1.0,0,"Profil autonome, recherche active, aucun frein périphérique identifié.",1
ID_SYN_0257,50.0,Bac+5,6.1,D1401,19430,1.0,0,Projet de reconversion à affiner. Besoin d'une formation complémentaire.,0
ID_SYN_0258,39.0,Bac+5,11.2,H1206,40576,1.0,0,"Candidat très dynamique, mobilité nationale validée. Projet clair.",0
ID_SYN_0259,30.0,Bac+2,10.3,K1403,41213,1.0,0,Projet de reconversion à affiner. Besoin d'une formation complémentaire.,1
ID_SYN_0260,53.0,Bac+2,12.9,M1801,39671,1.0,0,Projet de reconversion à affiner. Besoin d'une formation complémentaire.,1
ID_SYN_0261,25.0,Bac,1.1,J1506,93004,1.0,0,"Excellente présentation, compétences techniques à jour. Reprise rapide visée.",0
ID_SYN_0262,21.0,Bac,5.9,M1806,79094,1.0,0,"Profil autonome, recherche active, aucun frein périphérique identifié.",0
ID_SYN_0263,53.0,Sans diplôme,6.0,A1401,72781,1.0,0,Projet de reconversion à affiner. Besoin d'une formation complémentaire.,2
ID_SYN_0264,60.0,Sans diplôme,6.9,C1201,90167,0.0,0,Freins périphériques majeurs. Situation d'illettrisme numérique constatée.,2
ID_SYN_0265,57.0,Bac+2,3.8,C1302,68272,1.0,0,Freins périphériques majeurs. Situation d'illettrisme numérique constatée.,2
ID_SYN_0266,25.0,Bac+2,0.4,J1301,34352,1.0,0,Compétences à réactualiser sur les outils numériques. Motivation correcte.,1
ID_SYN_0267,43.0,Bac+2,1.5,K2111,08897,0.0,0,Projet de reconversion à affiner. Besoin d'une formation complémentaire.,1
ID_SYN_0268,35.0,Sans diplôme,2.3,W1401,85085,0.0,0,Problème ponctuel de mobilité géographique. Zone mal desservie.,2
ID_SYN_0269,29.0,Bac+2,2.9,I1304,11518,,0,"Perte de confiance importante. Risque d'exclusion, barrière de la langue.",2
ID_SYN_0270,21.0,Bac+2,7.0,K2111,52518,1.0,0,Problème ponctuel de mobilité géographique. Zone mal desservie.,1
ID_SYN_0271,26.0,Bac+2,4.8,K1403,89276,0.0,0,"Candidat très dynamique, mobilité nationale validée. Projet clair.",0
ID_SYN_0272,46.0,Bac,1.5,G1302,25704,0.0,0,Problème ponctuel de mobilité géographique. Zone mal desservie.,1
ID_SYN_0273,40.0,Bac+2,1.7,F1603,28011,1.0,0,Compétences à réactualiser sur les outils numériques. Motivation correcte.,1
ID_SYN_0274,57.0,Bac+2,0.4,N4101,06798,1.0,0,"Profil autonome, recherche active, aucun frein périphérique identifié.",1
ID_SYN_0275,27.0,Bac,8.0,G1601,31692,1.0,0,Cumul de difficultés. Pas de moyen de transport et garde d'enfants complexe.,2
ID_SYN_0276,43.0,Bac+2,1.0,F1603,40552,1.0,0,"Excellente présentation, compétences techniques à jour. Reprise rapide visée.",0
ID_SYN_0277,28.0,,0.4,M1602,97365,1.0,0,Cumul de difficultés. Pas de moyen de transport et garde d'enfants complexe.,2
ID_SYN_0278,60.0,Bac+2,0.0,K2106,42777,1.0,1,"Perte de confiance importante. Risque d'exclusion, barrière de la langue.",2
ID_SYN_0279,41.0,Bac,0.8,D1503,40418,0.0,0,"Profil autonome, recherche active, aucun frein périphérique identifié.",0
ID_SYN_0280,50.0,Sans diplôme,3.5,M1203,70467,0.0,0,"Perte de confiance importante. Risque d'exclusion, barrière de la langue.",2
ID_SYN_0281,60.0,Bac,1.0,C1102,71206,1.0,1,"Excellente présentation, compétences techniques à jour. Reprise rapide visée.",1
ID_SYN_0282,37.0,Sans diplôme,4.3,D1406,78015,1.0,0,Projet de reconversion à affiner. Besoin d'une formation complémentaire.,2
ID_SYN_0283,45.0,Bac+2,0.6,D1502,25906,1.0,0,Compétences à réactualiser sur les outils numériques. Motivation correcte.,1
ID_SYN_0284,49.0,Sans diplôme,3.2,J1301,32369,1.0,0,"Profil autonome, recherche active, aucun frein périphérique identifié.",1
ID_SYN_0285,40.0,Bac+2,7.6,H2502,68215,1.0,0,"Candidat très dynamique, mobilité nationale validée. Projet clair.",0
ID_SYN_0286,47.0,Bac,2.0,D1502,49589,1.0,0,"Excellente présentation, compétences techniques à jour. Reprise rapide visée.",0
ID_SYN_0287,62.0,Sans diplôme,6.4,M1602,76909,1.0,0,Cumul de difficultés. Pas de moyen de transport et garde d'enfants complexe.,2
ID_SYN_0288,18.0,Bac,1.9,K1903,73173,0.0,0,"Profil autonome, recherche active, aucun frein périphérique identifié.",0
ID_SYN_0289,19.0,Bac+2,0.5,K1403,23050,1.0,1,Freins périphériques majeurs. Situation d'illettrisme numérique constatée.,2
ID_SYN_0290,21.0,Bac,17.0,M1802,08698,1.0,0,Cumul de difficultés. Pas de moyen de transport et garde d'enfants complexe.,2
ID_SYN_0291,46.0,Bac+5,3.1,J1506,19021,1.0,0,Compétences à réactualiser sur les outils numériques. Motivation correcte.,0
ID_SYN_0292,36.0,Bac,2.4,A1401,81980,0.0,0,"Excellente présentation, compétences techniques à jour. Reprise rapide visée.",0
ID_SYN_0293,50.0,Bac+5,5.8,M1203,54914,1.0,0,Cumul de difficultés. Pas de moyen de transport et garde d'enfants complexe.,1
ID_SYN_0294,,Bac,7.3,D1401,15026,,0,"Perte de confiance importante. Risque d'exclusion, barrière de la langue.",2
ID_SYN_0295,25.0,Bac,3.0,G1302,53022,1.0,0,"Excellente présentation, compétences techniques à jour. Reprise rapide visée.",0
ID_SYN_0296,50.0,,2.5,M1806,11566,0.0,0,"Candidat très dynamique, mobilité nationale validée. Projet clair.",0
ID_SYN_0297,25.0,Bac+5,2.2,K1601,08355,0.0,0,Cumul de difficultés. Pas de moyen de transport et garde d'enfants complexe.,1
ID_SYN_0298,63.0,Bac+2,2.0,M1501,13499,1.0,0,"Excellente présentation, compétences techniques à jour. Reprise rapide visée.",1
ID_SYN_0299,21.0,Bac+5,0.3,G1302,07102,1.0,0,Freins périphériques majeurs. Situation d'illettrisme numérique constatée.,1
ID_SYN_0300,27.0,Bac+2,1.1,G1801,03052,1.0,0,Problème ponctuel de mobilité géographique. Zone mal desservie.,1
ID_SYN_0301,40.0,Bac+2,3.7,G1602,22292,1.0,0,Projet de reconversion à affiner. Besoin d'une formation complémentaire.,1
ID_SYN_0302,18.0,Bac+2,5.5,N4301,97959,1.0,0,"Perte de confiance importante. Risque d'exclusion, barrière de la langue.",2
ID_SYN_0303,37.0,,6.1,C1110,58290,1.0,1,Compétences à réactualiser sur les outils numériques. Motivation correcte.,1
ID_SYN_0304,29.0,Sans diplôme,1.7,A1203,84115,1.0,0,"Excellente présentation, compétences techniques à jour. Reprise rapide visée.",1
ID_SYN_0305,54.0,,7.2,D1401,90088,1.0,1,"Perte de confiance importante. Risque d'exclusion, barrière de la langue.",2
ID_SYN_0306,61.0,Bac,0.1,C1102,36123,0.0,0,Projet de reconversion à affiner. Besoin d'une formation complémentaire.,1
ID_SYN_0307,39.0,Bac+2,2.0,C1102,01680,1.0,0,Projet de reconversion à affiner. Besoin d'une formation complémentaire.,1
ID_SYN_0308,63.0,Bac,3.5,K1304,74005,0.0,0,"Perte de confiance importante. Risque d'exclusion, barrière de la langue.",2
ID_SYN_0309,49.0,Bac,2.0,I1304,02617,1.0,0,"Excellente présentation, compétences techniques à jour. Reprise rapide visée.",0
ID_SYN_0310,57.0,Bac,2.6,M1501,69302,1.0,1,"Profil autonome, recherche active, aucun frein périphérique identifié.",1
ID_SYN_0311,42.0,Bac,1.5,D1210,57973,0.0,0,Projet de reconversion à affiner. Besoin d'une formation complémentaire.,1
ID_SYN_0312,21.0,Bac,1.9,M1607,81828,1.0,1,Freins périphériques majeurs. Situation d'illettrisme numérique constatée.,2
ID_SYN_0313,46.0,Sans diplôme,1.7,H1206,58700,1.0,0,"Perte de confiance importante. Risque d'exclusion, barrière de la langue.",2
ID_SYN_0314,35.0,Bac+5,1.3,M1607,92133,,0,"Excellente présentation, compétences techniques à jour. Reprise rapide visée.",0
ID_SYN_0315,59.0,Bac,0.4,M1501,32775,,0,Freins périphériques majeurs. Situation d'illettrisme numérique constatée.,2
ID_SYN_0316,42.0,Bac,4.4,M1602,72516,1.0,1,"Profil autonome, recherche active, aucun frein périphérique identifié.",0
ID_SYN_0317,29.0,Bac+2,3.5,K1304,39185,1.0,1,"Profil autonome, recherche active, aucun frein périphérique identifié.",0
ID_SYN_0318,24.0,Sans diplôme,6.0,M1801,40692,1.0,0,Problème ponctuel de mobilité géographique. Zone mal desservie.,2
ID_SYN_0319,34.0,Bac+2,0.3,M1602,53534,1.0,0,Freins périphériques majeurs. Situation d'illettrisme numérique constatée.,2
ID_SYN_0320,19.0,Bac+5,0.7,N1101,71373,1.0,0,"Excellente présentation, compétences techniques à jour. Reprise rapide visée.",0
ID_SYN_0321,60.0,Bac+5,2.3,M1802,81304,0.0,0,Problème ponctuel de mobilité géographique. Zone mal desservie.,1
ID_SYN_0322,,,7.0,C1110,02382,1.0,0,"Perte de confiance importante. Risque d'exclusion, barrière de la langue.",2
ID_SYN_0323,51.0,Bac,4.3,K1304,50036,1.0,0,"Profil autonome, recherche active, aucun frein périphérique identifié.",0
ID_SYN_0324,50.0,Bac+2,2.5,K1601,14703,1.0,0,Compétences à réactualiser sur les outils numériques. Motivation correcte.,1
ID_SYN_0325,37.0,Bac+5,3.5,G1602,45966,1.0,0,"Excellente présentation, compétences techniques à jour. Reprise rapide visée.",0
ID_SYN_0326,62.0,Sans diplôme,2.1,G1801,09804,1.0,0,Freins périphériques majeurs. Situation d'illettrisme numérique constatée.,2
ID_SYN_0327,26.0,Bac+5,2.0,N4101,32970,1.0,0,Problème ponctuel de mobilité géographique. Zone mal desservie.,0
ID_SYN_0328,34.0,Bac+2,3.4,M1801,25176,1.0,0,"Perte de confiance importante. Risque d'exclusion, barrière de la langue.",2
ID_SYN_0329,60.0,Bac+2,1.0,M1602,57302,1.0,0,Freins périphériques majeurs. Situation d'illettrisme numérique constatée.,2
ID_SYN_0330,54.0,Bac+2,13.3,M1501,14336,1.0,0,Projet de reconversion à affiner. Besoin d'une formation complémentaire.,1
ID_SYN_0331,47.0,Bac,6.0,K2106,84769,0.0,0,Freins périphériques majeurs. Situation d'illettrisme numérique constatée.,2
ID_SYN_0332,34.0,Bac,1.6,M1705,23613,0.0,0,Freins périphériques majeurs. Situation d'illettrisme numérique constatée.,2
ID_SYN_0333,29.0,Bac+2,6.3,G1801,16448,1.0,0,Problème ponctuel de mobilité géographique. Zone mal desservie.,1
ID_SYN_0334,38.0,Sans diplôme,3.1,M1501,51293,0.0,0,Problème ponctuel de mobilité géographique. Zone mal desservie.,2
ID_SYN_0335,54.0,Bac,5.4,M1203,22871,1.0,1,Problème ponctuel de mobilité géographique. Zone mal desservie.,1
ID_SYN_0336,42.0,Sans diplôme,4.1,A1202,64518,1.0,0,"Excellente présentation, compétences techniques à jour. Reprise rapide visée.",1
ID_SYN_0337,43.0,Bac+5,3.2,J1506,94079,1.0,0,Freins périphériques majeurs. Situation d'illettrisme numérique constatée.,1
ID_SYN_0338,33.0,Bac,1.9,A1301,37025,0.0,0,"Candidat très dynamique, mobilité nationale validée. Projet clair.",0
ID_SYN_0339,40.0,Bac,0.7,M1203,67952,1.0,0,Freins périphériques majeurs. Situation d'illettrisme numérique constatée.,2
ID_SYN_0340,32.0,Sans diplôme,15.5,N4301,95238,1.0,0,Compétences à réactualiser sur les outils numériques. Motivation correcte.,2
ID_SYN_0341,26.0,Sans diplôme,2.3,G1602,05224,1.0,0,"Profil autonome, recherche active, aucun frein périphérique identifié.",1
ID_SYN_0342,46.0,Bac,2.4,D1502,97680,1.0,1,"Profil autonome, recherche active, aucun frein périphérique identifié.",0
ID_SYN_0343,47.0,Bac,2.6,D1502,28124,1.0,0,Problème ponctuel de mobilité géographique. Zone mal desservie.,1
ID_SYN_0344,56.0,Bac+2,1.4,G1601,76069,1.0,0,"Candidat très dynamique, mobilité nationale validée. Projet clair.",1
ID_SYN_0345,48.0,Bac+5,5.7,A1401,37349,1.0,0,"Perte de confiance importante. Risque d'exclusion, barrière de la langue.",1
ID_SYN_0346,20.0,Sans diplôme,0.2,N4301,89635,0.0,0,"Profil autonome, recherche active, aucun frein périphérique identifié.",1
ID_SYN_0347,57.0,Sans diplôme,0.2,M1801,13202,1.0,0,Projet de reconversion à affiner. Besoin d'une formation complémentaire.,2
ID_SYN_0348,21.0,Bac+2,0.7,G1801,77278,1.0,0,Freins périphériques majeurs. Situation d'illettrisme numérique constatée.,2
ID_SYN_0349,,Bac+2,3.2,A1501,71048,1.0,0,"Excellente présentation, compétences techniques à jour. Reprise rapide visée.",0
ID_SYN_0350,61.0,,9.5,H1206,72737,1.0,0,"Candidat très dynamique, mobilité nationale validée. Projet clair.",1
ID_SYN_0351,52.0,Bac+2,3.0,A1301,14051,0.0,0,Compétences à réactualiser sur les outils numériques. Motivation correcte.,1
ID_SYN_0352,52.0,Bac+5,10.1,A1202,57072,1.0,0,Freins périphériques majeurs. Situation d'illettrisme numérique constatée.,1
ID_SYN_0353,46.0,Bac+2,1.7,C1102,86798,1.0,0,"Candidat très dynamique, mobilité nationale validée. Projet clair.",0
ID_SYN_0354,33.0,Sans diplôme,7.9,N1303,92677,1.0,0,"Candidat très dynamique, mobilité nationale validée. Projet clair.",1
ID_SYN_0355,27.0,Bac,2.2,C1302,78814,0.0,0,Projet de reconversion à affiner. Besoin d'une formation complémentaire.,1
ID_SYN_0356,18.0,Bac+2,11.3,N1101,18324,1.0,0,"Perte de confiance importante. Risque d'exclusion, barrière de la langue.",2
ID_SYN_0357,31.0,Bac,5.2,G1602,18973,1.0,0,"Excellente présentation, compétences techniques à jour. Reprise rapide visée.",0
ID_SYN_0358,54.0,Bac+5,1.8,K2106,74831,1.0,0,Projet de reconversion à affiner. Besoin d'une formation complémentaire.,0
ID_SYN_0359,,Bac+2,2.2,J1506,81750,1.0,0,Problème ponctuel de mobilité géographique. Zone mal desservie.,1
ID_SYN_0360,54.0,Bac+5,1.1,H1504,57280,0.0,0,"Perte de confiance importante. Risque d'exclusion, barrière de la langue.",1
ID_SYN_0361,60.0,Sans diplôme,3.5,W1401,91502,0.0,0,"Candidat très dynamique, mobilité nationale validée. Projet clair.",1
ID_SYN_0362,,Bac+5,2.9,N4101,52347,0.0,0,"Profil autonome, recherche active, aucun frein périphérique identifié.",0
ID_SYN_0363,30.0,Sans diplôme,2.4,F1603,66481,,0,Projet de reconversion à affiner. Besoin d'une formation complémentaire.,2
ID_SYN_0364,62.0,Sans diplôme,1.5,C1302,51703,0.0,0,"Excellente présentation, compétences techniques à jour. Reprise rapide visée.",1
ID_SYN_0365,60.0,Bac+2,1.7,A1203,77986,1.0,0,Projet de reconversion à affiner. Besoin d'une formation complémentaire.,2
ID_SYN_0366,20.0,Bac,1.6,G1601,83388,0.0,0,Cumul de difficultés. Pas de moyen de transport et garde d'enfants complexe.,2
ID_SYN_0367,22.0,Bac+2,8.0,M1705,21012,1.0,0,Cumul de difficultés. Pas de moyen de transport et garde d'enfants complexe.,2
ID_SYN_0368,41.0,Bac,1.6,G1801,52213,0.0,0,Cumul de difficultés. Pas de moyen de transport et garde d'enfants complexe.,2
ID_SYN_0369,52.0,Bac+2,1.4,N1303,32278,1.0,0,"Perte de confiance importante. Risque d'exclusion, barrière de la langue.",2
ID_SYN_0370,26.0,Sans diplôme,1.4,M1805,98215,1.0,0,"Candidat très dynamique, mobilité nationale validée. Projet clair.",1
ID_SYN_0371,54.0,Sans diplôme,21.5,H1504,69551,0.0,0,Freins périphériques majeurs. Situation d'illettrisme numérique constatée.,2
ID_SYN_0372,29.0,Bac+5,1.9,N1303,16473,1.0,0,"Candidat très dynamique, mobilité nationale validée. Projet clair.",0
ID_SYN_0373,32.0,Sans diplôme,4.8,K1903,60663,0.0,0,Projet de reconversion à affiner. Besoin d'une formation complémentaire.,2
ID_SYN_0374,41.0,Sans diplôme,11.3,M1501,89358,0.0,0,Projet de reconversion à affiner. Besoin d'une formation complémentaire.,2
ID_SYN_0375,55.0,Bac,5.6,A1301,62835,0.0,0,"Profil autonome, recherche active, aucun frein périphérique identifié.",0
ID_SYN_0376,23.0,Bac+5,1.0,D1503,43179,,0,"Perte de confiance importante. Risque d'exclusion, barrière de la langue.",1
ID_SYN_0377,30.0,Bac+5,5.7,K2101,89254,1.0,0,Projet de reconversion à affiner. Besoin d'une formation complémentaire.,0
ID_SYN_0378,57.0,Sans diplôme,2.9,K1403,38002,,1,Projet de reconversion à affiner. Besoin d'une formation complémentaire.,2
ID_SYN_0379,44.0,Bac,3.9,M1501,40834,1.0,0,"Candidat très dynamique, mobilité nationale validée. Projet clair.",0
ID_SYN_0380,33.0,Bac,4.7,N1303,72638,,1,"Profil autonome, recherche active, aucun frein périphérique identifié.",0
ID_SYN_0381,50.0,Bac,12.9,M1801,91893,1.0,0,"Excellente présentation, compétences techniques à jour. Reprise rapide visée.",0
ID_SYN_0382,59.0,,18.4,C1110,27895,1.0,0,"Candidat très dynamique, mobilité nationale validée. Projet clair.",1
ID_SYN_0383,24.0,Bac,6.2,C1102,06754,0.0,1,"Candidat très dynamique, mobilité nationale validée. Projet clair.",0
ID_SYN_0384,49.0,Bac+5,2.6,M1602,13527,1.0,0,Projet de reconversion à affiner. Besoin d'une formation complémentaire.,0
ID_SYN_0385,47.0,Bac+2,8.7,F1603,39230,1.0,0,Problème ponctuel de mobilité géographique. Zone mal desservie.,1
ID_SYN_0386,19.0,Bac,3.7,K1304,36645,1.0,0,"Excellente présentation, compétences techniques à jour. Reprise rapide visée.",0
ID_SYN_0387,63.0,Bac+5,4.7,D1210,59925,1.0,0,Projet de reconversion à affiner. Besoin d'une formation complémentaire.,1
ID_SYN_0388,51.0,Bac,0.2,K1403,35735,,0,"Candidat très dynamique, mobilité nationale validée. Projet clair.",0
ID_SYN_0389,41.0,Sans diplôme,2.3,D1502,43964,0.0,0,Compétences à réactualiser sur les outils numériques. Motivation correcte.,2
ID_SYN_0390,24.0,Bac+2,3.3,G1203,23789,1.0,0,"Candidat très dynamique, mobilité nationale validée. Projet clair.",0
ID_SYN_0391,,Bac,2.0,C1110,19322,1.0,0,Freins périphériques majeurs. Situation d'illettrisme numérique constatée.,2
ID_SYN_0392,54.0,Sans diplôme,6.5,H2502,90952,0.0,0,"Perte de confiance importante. Risque d'exclusion, barrière de la langue.",2
ID_SYN_0393,21.0,Bac+2,4.3,A1501,26919,0.0,0,Compétences à réactualiser sur les outils numériques. Motivation correcte.,1
ID_SYN_0394,34.0,Bac,1.5,C1201,06596,1.0,0,"Excellente présentation, compétences techniques à jour. Reprise rapide visée.",0
ID_SYN_0395,34.0,Sans diplôme,0.3,A1203,51165,1.0,0,Freins périphériques majeurs. Situation d'illettrisme numérique constatée.,2
ID_SYN_0396,35.0,Sans diplôme,5.9,A1301,81492,0.0,0,Problème ponctuel de mobilité géographique. Zone mal desservie.,2
ID_SYN_0397,46.0,Bac,11.4,C1102,37670,1.0,0,Compétences à réactualiser sur les outils numériques. Motivation correcte.,1
ID_SYN_0398,29.0,Bac,1.3,A1203,51134,1.0,0,Cumul de difficultés. Pas de moyen de transport et garde d'enfants complexe.,2
ID_SYN_0399,28.0,Bac,1.8,G1801,51905,1.0,1,Cumul de difficultés. Pas de moyen de transport et garde d'enfants complexe.,2
ID_SYN_0400,28.0,Sans diplôme,6.6,A1401,62824,0.0,0,"Candidat très dynamique, mobilité nationale validée. Projet clair.",1
ID_SYN_0401,43.0,Bac+2,2.5,G1302,70951,,0,"Profil autonome, recherche active, aucun frein périphérique identifié.",0
ID_SYN_0402,52.0,Bac+5,0.7,H1504,23768,,0,"Perte de confiance importante. Risque d'exclusion, barrière de la langue.",1
ID_SYN_0403,56.0,Bac+2,7.4,N1301,92823,1.0,1,Compétences à réactualiser sur les outils numériques. Motivation correcte.,2
ID_SYN_0404,49.0,Bac+2,3.1,K2111,41508,1.0,0,Freins périphériques majeurs. Situation d'illettrisme numérique constatée.,2
ID_SYN_0405,31.0,Sans diplôme,1.8,A1202,44481,1.0,0,Freins périphériques majeurs. Situation d'illettrisme numérique constatée.,2
ID_SYN_0406,61.0,Sans diplôme,2.0,A1401,03872,1.0,1,"Excellente présentation, compétences techniques à jour. Reprise rapide visée.",2
ID_SYN_0407,46.0,Bac+2,2.5,A1501,49967,0.0,0,"Excellente présentation, compétences techniques à jour. Reprise rapide visée.",0
ID_SYN_0408,23.0,Bac+2,4.7,N1303,58261,0.0,0,Problème ponctuel de mobilité géographique. Zone mal desservie.,1
ID_SYN_0409,22.0,,2.7,D1503,88232,0.0,1,"Excellente présentation, compétences techniques à jour. Reprise rapide visée.",0
ID_SYN_0410,32.0,Sans diplôme,3.4,N1101,76082,1.0,0,Compétences à réactualiser sur les outils numériques. Motivation correcte.,2
ID_SYN_0411,52.0,,3.0,M1801,75127,0.0,0,"Profil autonome, recherche active, aucun frein périphérique identifié.",0
ID_SYN_0412,32.0,Bac,2.3,D1210,84386,0.0,0,"Excellente présentation, compétences techniques à jour. Reprise rapide visée.",0
ID_SYN_0413,44.0,Sans diplôme,3.7,A1202,35761,1.0,0,Freins périphériques majeurs. Situation d'illettrisme numérique constatée.,2
ID_SYN_0414,63.0,Bac+2,4.1,I1304,58438,1.0,0,Compétences à réactualiser sur les outils numériques. Motivation correcte.,2
ID_SYN_0415,24.0,,1.0,I1304,14294,1.0,0,Cumul de difficultés. Pas de moyen de transport et garde d'enfants complexe.,2
ID_SYN_0416,20.0,Bac+5,3.7,A1501,05379,1.0,0,Freins périphériques majeurs. Situation d'illettrisme numérique constatée.,1
ID_SYN_0417,32.0,Bac,0.9,D1210,96942,0.0,0,"Perte de confiance importante. Risque d'exclusion, barrière de la langue.",2
ID_SYN_0418,61.0,Bac+5,2.7,N1301,05062,0.0,1,Freins périphériques majeurs. Situation d'illettrisme numérique constatée.,1
ID_SYN_0419,26.0,Bac+2,2.7,D1502,25901,1.0,0,"Excellente présentation, compétences techniques à jour. Reprise rapide visée.",0
ID_SYN_0420,19.0,Bac+2,0.5,F1603,13571,1.0,0,"Candidat très dynamique, mobilité nationale validée. Projet clair.",0
ID_SYN_0421,,Bac+2,11.0,C1102,39607,0.0,0,"Perte de confiance importante. Risque d'exclusion, barrière de la langue.",2
ID_SYN_0422,48.0,Bac+2,1.9,C1102,63071,0.0,0,"Candidat très dynamique, mobilité nationale validée. Projet clair.",0
ID_SYN_0423,28.0,Bac,5.2,M1802,72319,1.0,0,Projet de reconversion à affiner. Besoin d'une formation complémentaire.,1
ID_SYN_0424,25.0,Bac,4.0,K1403,35524,0.0,0,Freins périphériques majeurs. Situation d'illettrisme numérique constatée.,2
ID_SYN_0425,41.0,Bac,2.1,M1805,46061,1.0,0,Projet de reconversion à affiner. Besoin d'une formation complémentaire.,1
ID_SYN_0426,45.0,Bac,2.9,K2106,55870,0.0,0,"Perte de confiance importante. Risque d'exclusion, barrière de la langue.",2
ID_SYN_0427,27.0,Bac+2,2.9,C1102,52747,1.0,0,"Candidat très dynamique, mobilité nationale validée. Projet clair.",0
ID_SYN_0428,47.0,Bac+2,1.3,C1201,59856,1.0,0,Problème ponctuel de mobilité géographique. Zone mal desservie.,1
ID_SYN_0429,43.0,,1.0,C1102,90538,1.0,0,"Perte de confiance importante. Risque d'exclusion, barrière de la langue.",2
ID_SYN_0430,63.0,,2.1,C1102,51868,1.0,0,Projet de reconversion à affiner. Besoin d'une formation complémentaire.,2
ID_SYN_0431,32.0,Bac+2,1.7,N1101,82665,1.0,1,Compétences à réactualiser sur les outils numériques. Motivation correcte.,1
ID_SYN_0432,28.0,Bac+5,1.8,C1110,74752,0.0,0,Projet de reconversion à affiner. Besoin d'une formation complémentaire.,0
ID_SYN_0433,23.0,Bac+5,9.5,I1304,86824,1.0,0,"Candidat très dynamique, mobilité nationale validée. Projet clair.",0
ID_SYN_0434,58.0,Bac+2,7.8,A1301,52877,0.0,0,"Perte de confiance importante. Risque d'exclusion, barrière de la langue.",2
ID_SYN_0435,25.0,Bac,3.2,A1203,45284,1.0,1,"Excellente présentation, compétences techniques à jour. Reprise rapide visée.",0
ID_SYN_0436,24.0,Bac,4.3,D1503,18614,1.0,0,Projet de reconversion à affiner. Besoin d'une formation complémentaire.,1
ID_SYN_0437,33.0,Bac+2,7.5,D1406,58896,0.0,0,Projet de reconversion à affiner. Besoin d'une formation complémentaire.,1
ID_SYN_0438,20.0,Bac+5,3.3,K2101,21836,1.0,0,Compétences à réactualiser sur les outils numériques. Motivation correcte.,0
ID_SYN_0439,59.0,Bac+2,9.4,D1401,26265,1.0,0,Compétences à réactualiser sur les outils numériques. Motivation correcte.,2
ID_SYN_0440,29.0,Sans diplôme,1.8,N1301,27097,0.0,0,"Excellente présentation, compétences techniques à jour. Reprise rapide visée.",1
ID_SYN_0441,62.0,Bac+5,0.4,F1603,49819,1.0,0,Compétences à réactualiser sur les outils numériques. Motivation correcte.,1
ID_SYN_0442,62.0,Bac,6.3,D1210,34903,1.0,0,"Excellente présentation, compétences techniques à jour. Reprise rapide visée.",1
ID_SYN_0443,49.0,Bac+2,2.6,D1503,85853,1.0,0,"Profil autonome, recherche active, aucun frein périphérique identifié.",0
ID_SYN_0444,49.0,Sans diplôme,1.7,K1601,18342,1.0,0,Compétences à réactualiser sur les outils numériques. Motivation correcte.,2
ID_SYN_0445,52.0,Bac+2,15.0,N1301,93978,0.0,0,"Candidat très dynamique, mobilité nationale validée. Projet clair.",0
ID_SYN_0446,32.0,Bac,2.2,G1602,89761,0.0,0,Freins périphériques majeurs. Situation d'illettrisme numérique constatée.,2
ID_SYN_0447,48.0,Bac+2,0.4,M1203,85848,0.0,1,"Excellente présentation, compétences techniques à jour. Reprise rapide visée.",0
ID_SYN_0448,41.0,Bac,0.3,M1801,43616,1.0,0,"Candidat très dynamique, mobilité nationale validée. Projet clair.",0
ID_SYN_0449,37.0,Bac,1.1,K2106,32496,1.0,0,Problème ponctuel de mobilité géographique. Zone mal desservie.,1
ID_SYN_0450,49.0,Bac+5,1.9,N1303,04336,1.0,0,Problème ponctuel de mobilité géographique. Zone mal desservie.,0
ID_SYN_0451,53.0,,3.0,M1602,93808,1.0,0,Compétences à réactualiser sur les outils numériques. Motivation correcte.,1
ID_SYN_0452,51.0,Bac+5,4.6,M1805,47988,1.0,0,Freins périphériques majeurs. Situation d'illettrisme numérique constatée.,1
ID_SYN_0453,29.0,Bac+5,6.6,K1601,17769,1.0,0,Projet de reconversion à affiner. Besoin d'une formation complémentaire.,0
ID_SYN_0454,35.0,Bac+2,7.8,M1802,12704,1.0,1,"Excellente présentation, compétences techniques à jour. Reprise rapide visée.",0
ID_SYN_0455,25.0,Bac,5.2,G1203,77751,1.0,0,"Excellente présentation, compétences techniques à jour. Reprise rapide visée.",0
ID_SYN_0456,47.0,Bac+5,1.6,K1601,26499,1.0,0,Projet de reconversion à affiner. Besoin d'une formation complémentaire.,0
ID_SYN_0457,54.0,Bac+5,1.4,C1302,27253,0.0,0,Problème ponctuel de mobilité géographique. Zone mal desservie.,0
ID_SYN_0458,62.0,,1.1,W1401,11592,,0,Problème ponctuel de mobilité géographique. Zone mal desservie.,1
ID_SYN_0459,31.0,Bac+2,2.5,D1502,23099,1.0,0,"Candidat très dynamique, mobilité nationale validée. Projet clair.",0
ID_SYN_0460,42.0,Sans diplôme,1.4,M1801,57283,1.0,0,"Perte de confiance importante. Risque d'exclusion, barrière de la langue.",2
ID_SYN_0461,42.0,,3.5,A1202,43233,0.0,0,"Excellente présentation, compétences techniques à jour. Reprise rapide visée.",0
ID_SYN_0462,19.0,Bac,12.8,N1101,46134,0.0,0,"Profil autonome, recherche active, aucun frein périphérique identifié.",0
ID_SYN_0463,48.0,Sans diplôme,8.6,G1602,39119,0.0,0,Compétences à réactualiser sur les outils numériques. Motivation correcte.,2
ID_SYN_0464,20.0,Bac,0.2,H1206,65248,1.0,0,Problème ponctuel de mobilité géographique. Zone mal desservie.,1
ID_SYN_0465,29.0,Sans diplôme,1.5,D1503,96311,1.0,0,"Profil autonome, recherche active, aucun frein périphérique identifié.",1
ID_SYN_0466,18.0,Sans diplôme,0.7,I1304,84928,1.0,0,Compétences à réactualiser sur les outils numériques. Motivation correcte.,2
ID_SYN_0467,37.0,Bac,7.9,A1401,91406,,0,Compétences à réactualiser sur les outils numériques. Motivation correcte.,1
ID_SYN_0468,29.0,Bac,0.4,N1101,90881,0.0,0,"Profil autonome, recherche active, aucun frein périphérique identifié.",0
ID_SYN_0469,61.0,Bac,6.5,J1506,14751,1.0,0,Problème ponctuel de mobilité géographique. Zone mal desservie.,2
ID_SYN_0470,37.0,Bac+2,2.4,W1401,35471,1.0,0,"Profil autonome, recherche active, aucun frein périphérique identifié.",0
ID_SYN_0471,19.0,,2.1,K1903,28222,1.0,0,Cumul de difficultés. Pas de moyen de transport et garde d'enfants complexe.,2
ID_SYN_0472,18.0,Bac,1.8,M1501,88690,0.0,0,Projet de reconversion à affiner. Besoin d'une formation complémentaire.,1
ID_SYN_0473,23.0,Bac+5,3.3,M1802,31298,0.0,0,"Candidat très dynamique, mobilité nationale validée. Projet clair.",0
ID_SYN_0474,37.0,,1.1,G1601,48214,0.0,0,Compétences à réactualiser sur les outils numériques. Motivation correcte.,1
ID_SYN_0475,41.0,Bac,0.4,A1202,19139,0.0,0,Compétences à réactualiser sur les outils numériques. Motivation correcte.,1
ID_SYN_0476,40.0,Sans diplôme,4.2,H2502,45921,1.0,0,Projet de reconversion à affiner. Besoin d'une formation complémentaire.,2
ID_SYN_0477,37.0,Bac,1.3,J1506,86045,0.0,0,Freins périphériques majeurs. Situation d'illettrisme numérique constatée.,2
ID_SYN_0478,25.0,Sans diplôme,4.2,C1110,55529,1.0,1,Problème ponctuel de mobilité géographique. Zone mal desservie.,2
ID_SYN_0479,55.0,Bac,2.3,M1705,04777,1.0,0,"Excellente présentation, compétences techniques à jour. Reprise rapide visée.",0
ID_SYN_0480,43.0,Bac+5,3.4,C1201,54907,1.0,0,Freins périphériques majeurs. Situation d'illettrisme numérique constatée.,1
ID_SYN_0481,47.0,Sans diplôme,2.6,W1401,98468,0.0,0,Cumul de difficultés. Pas de moyen de transport et garde d'enfants complexe.,2
ID_SYN_0482,29.0,Bac+2,3.3,N1101,92826,1.0,0,Cumul de difficultés. Pas de moyen de transport et garde d'enfants complexe.,2
ID_SYN_0483,18.0,Bac,2.2,C1501,74183,1.0,0,"Perte de confiance importante. Risque d'exclusion, barrière de la langue.",2
ID_SYN_0484,33.0,Bac+2,14.2,K1903,22679,1.0,0,Freins périphériques majeurs. Situation d'illettrisme numérique constatée.,2
ID_SYN_0485,19.0,Bac,6.1,M1203,85320,,0,"Profil autonome, recherche active, aucun frein périphérique identifié.",0
ID_SYN_0486,30.0,Bac+5,2.2,K1903,59598,1.0,0,Projet de reconversion à affiner. Besoin d'une formation complémentaire.,0
ID_SYN_0487,28.0,,2.2,M1203,72971,0.0,0,Compétences à réactualiser sur les outils numériques. Motivation correcte.,1
ID_SYN_0488,,Sans diplôme,5.9,M1203,28112,1.0,0,Cumul de difficultés. Pas de moyen de transport et garde d'enfants complexe.,2
ID_SYN_0489,51.0,Bac,5.0,H1206,74420,1.0,0,Freins périphériques majeurs. Situation d'illettrisme numérique constatée.,2
ID_SYN_0490,28.0,Bac+2,4.7,N4301,87364,1.0,0,Projet de reconversion à affiner. Besoin d'une formation complémentaire.,1
ID_SYN_0491,24.0,Bac,0.7,H2502,93025,,0,Cumul de difficultés. Pas de moyen de transport et garde d'enfants complexe.,2
ID_SYN_0492,46.0,Bac+5,0.4,C1110,34330,1.0,0,"Perte de confiance importante. Risque d'exclusion, barrière de la langue.",1
ID_SYN_0493,49.0,Sans diplôme,0.7,N1301,45293,1.0,0,"Profil autonome, recherche active, aucun frein périphérique identifié.",1
ID_SYN_0494,52.0,Bac,1.5,K1403,87305,1.0,0,Freins périphériques majeurs. Situation d'illettrisme numérique constatée.,2
ID_SYN_0495,31.0,Bac,1.4,K1201,77692,0.0,0,Cumul de difficultés. Pas de moyen de transport et garde d'enfants complexe.,2
ID_SYN_0496,43.0,Bac,3.0,C1110,51778,0.0,0,Problème ponctuel de mobilité géographique. Zone mal desservie.,1
ID_SYN_0497,53.0,Bac+2,0.8,G1302,53149,1.0,0,"Profil autonome, recherche active, aucun frein périphérique identifié.",0
ID_SYN_0498,40.0,,4.5,G1602,92946,0.0,0,Cumul de difficultés. Pas de moyen de transport et garde d'enfants complexe.,2
ID_SYN_0499,62.0,Bac,5.5,M1705,94635,1.0,0,"Profil autonome, recherche active, aucun frein périphérique identifié.",1
ID_SYN_0500,60.0,Bac,2.2,K2101,72105,,0,Problème ponctuel de mobilité géographique. Zone mal desservie.,1
ID_SYN_0501,32.0,Bac,3.9,M1806,70979,1.0,0,"Perte de confiance importante. Risque d'exclusion, barrière de la langue.",2
ID_SYN_0502,30.0,Bac+5,1.3,A1401,88851,1.0,0,Problème ponctuel de mobilité géographique. Zone mal desservie.,0
ID_SYN_0503,63.0,Bac,2.1,A1401,91517,,0,Problème ponctuel de mobilité géographique. Zone mal desservie.,1
ID_SYN_0504,45.0,Sans diplôme,0.2,D1503,98309,1.0,0,Cumul de difficultés. Pas de moyen de transport et garde d'enfants complexe.,2
ID_SYN_0505,35.0,Bac,3.9,I1304,51797,1.0,0,Compétences à réactualiser sur les outils numériques. Motivation correcte.,1
ID_SYN_0506,30.0,Bac+5,1.0,D1406,82338,,0,"Candidat très dynamique, mobilité nationale validée. Projet clair.",0
ID_SYN_0507,48.0,Bac+5,2.3,N4301,78120,0.0,0,"Excellente présentation, compétences techniques à jour. Reprise rapide visée.",0
ID_SYN_0508,56.0,Bac+2,10.3,M1806,10760,,0,Problème ponctuel de mobilité géographique. Zone mal desservie.,1
ID_SYN_0509,59.0,Sans diplôme,3.4,G1203,18048,1.0,0,Cumul de difficultés. Pas de moyen de transport et garde d'enfants complexe.,2
ID_SYN_0510,53.0,Bac+5,14.5,C1501,43287,1.0,1,Compétences à réactualiser sur les outils numériques. Motivation correcte.,0
ID_SYN_0511,62.0,Bac+2,2.4,H1504,10552,1.0,0,Cumul de difficultés. Pas de moyen de transport et garde d'enfants complexe.,2
ID_SYN_0512,30.0,Bac,7.0,D1210,55516,0.0,0,Cumul de difficultés. Pas de moyen de transport et garde d'enfants complexe.,2
ID_SYN_0513,26.0,Bac,3.8,H2502,39479,1.0,0,"Excellente présentation, compétences techniques à jour. Reprise rapide visée.",0
ID_SYN_0514,32.0,Bac+2,0.6,C1201,88679,,0,Compétences à réactualiser sur les outils numériques. Motivation correcte.,1
ID_SYN_0515,25.0,Bac,9.8,M1806,43065,1.0,0,Compétences à réactualiser sur les outils numériques. Motivation correcte.,1
ID_SYN_0516,43.0,Bac+5,1.2,K2106,50146,0.0,0,Compétences à réactualiser sur les outils numériques. Motivation correcte.,0
ID_SYN_0517,53.0,Bac,0.9,K2101,11793,0.0,0,"Excellente présentation, compétences techniques à jour. Reprise rapide visée.",0
ID_SYN_0518,27.0,Sans diplôme,4.5,D1502,88862,1.0,0,Projet de reconversion à affiner. Besoin d'une formation complémentaire.,2
ID_SYN_0519,22.0,Sans diplôme,4.8,M1802,10452,1.0,0,"Perte de confiance importante. Risque d'exclusion, barrière de la langue.",2
ID_SYN_0520,52.0,Sans diplôme,2.6,D1401,34018,0.0,0,Compétences à réactualiser sur les outils numériques. Motivation correcte.,2
ID_SYN_0521,39.0,Bac+2,6.5,K1201,42471,0.0,0,"Perte de confiance importante. Risque d'exclusion, barrière de la langue.",2
ID_SYN_0522,,Bac+2,1.4,N1101,10514,1.0,0,Compétences à réactualiser sur les outils numériques. Motivation correcte.,1
ID_SYN_0523,26.0,Bac,1.5,N4301,58367,1.0,0,"Candidat très dynamique, mobilité nationale validée. Projet clair.",0
ID_SYN_0524,42.0,Bac+5,1.2,K2111,39663,0.0,0,"Perte de confiance importante. Risque d'exclusion, barrière de la langue.",1
ID_SYN_0525,56.0,Sans diplôme,9.1,A1202,73551,1.0,0,"Excellente présentation, compétences techniques à jour. Reprise rapide visée.",2
ID_SYN_0526,28.0,Sans diplôme,3.6,C1102,40936,1.0,0,Cumul de difficultés. Pas de moyen de transport et garde d'enfants complexe.,2
ID_SYN_0527,56.0,Bac+2,1.7,C1501,22096,0.0,1,Cumul de difficultés. Pas de moyen de transport et garde d'enfants complexe.,2
ID_SYN_0528,53.0,Bac+2,1.6,N4301,72939,0.0,0,Compétences à réactualiser sur les outils numériques. Motivation correcte.,1
ID_SYN_0529,58.0,Bac,1.0,H1206,47810,0.0,0,Freins périphériques majeurs. Situation d'illettrisme numérique constatée.,2
ID_SYN_0530,30.0,Bac+2,1.3,K1903,60067,1.0,1,"Excellente présentation, compétences techniques à jour. Reprise rapide visée.",0
ID_SYN_0531,44.0,Bac+2,2.9,K1201,23103,0.0,0,"Excellente présentation, compétences techniques à jour. Reprise rapide visée.",0
ID_SYN_0532,,Bac,3.7,C1302,90073,1.0,0,"Excellente présentation, compétences techniques à jour. Reprise rapide visée.",0
ID_SYN_0533,20.0,Bac+5,5.4,C1110,24038,1.0,0,Cumul de difficultés. Pas de moyen de transport et garde d'enfants complexe.,1
ID_SYN_0534,19.0,Sans diplôme,9.3,G1203,97147,1.0,0,"Profil autonome, recherche active, aucun frein périphérique identifié.",1
ID_SYN_0535,25.0,Sans diplôme,4.0,M1602,76877,0.0,0,Compétences à réactualiser sur les outils numériques. Motivation correcte.,2
ID_SYN_0536,53.0,Bac+2,3.1,K1601,86709,1.0,0,Cumul de difficultés. Pas de moyen de transport et garde d'enfants complexe.,2
ID_SYN_0537,33.0,Bac,3.8,C1302,61909,1.0,0,"Candidat très dynamique, mobilité nationale validée. Projet clair.",0
ID_SYN_0538,47.0,Sans diplôme,8.8,N4301,68388,0.0,0,Problème ponctuel de mobilité géographique. Zone mal desservie.,2
ID_SYN_0539,29.0,Sans diplôme,2.1,N4101,96945,1.0,0,Problème ponctuel de mobilité géographique. Zone mal desservie.,2
ID_SYN_0540,20.0,Bac,2.1,D1503,06610,1.0,0,"Excellente présentation, compétences techniques à jour. Reprise rapide visée.",0
ID_SYN_0541,61.0,Bac,5.2,A1301,86003,1.0,1,Compétences à réactualiser sur les outils numériques. Motivation correcte.,2
ID_SYN_0542,39.0,Bac+2,0.8,M1602,72349,1.0,0,"Candidat très dynamique, mobilité nationale validée. Projet clair.",0
ID_SYN_0543,56.0,Bac,3.6,K2106,33975,1.0,0,Projet de reconversion à affiner. Besoin d'une formation complémentaire.,2
ID_SYN_0544,51.0,Bac+5,6.1,K1601,80195,1.0,0,Freins périphériques majeurs. Situation d'illettrisme numérique constatée.,1
ID_SYN_0545,,Bac+5,0.9,D1502,20692,0.0,0,"Candidat très dynamique, mobilité nationale validée. Projet clair.",0
ID_SYN_0546,38.0,Bac,1.1,N1303,15855,0.0,0,"Excellente présentation, compétences techniques à jour. Reprise rapide visée.",0
ID_SYN_0547,26.0,Bac,7.5,F1603,06655,0.0,0,Compétences à réactualiser sur les outils numériques. Motivation correcte.,1
ID_SYN_0548,43.0,Bac+2,2.9,A1401,22802,1.0,0,Problème ponctuel de mobilité géographique. Zone mal desservie.,1
ID_SYN_0549,23.0,Sans diplôme,2.8,N1303,96417,1.0,0,Compétences à réactualiser sur les outils numériques. Motivation correcte.,2
ID_SYN_0550,54.0,Bac,5.4,D1210,29752,1.0,1,Freins périphériques majeurs. Situation d'illettrisme numérique constatée.,2
ID_SYN_0551,29.0,Bac+2,1.8,G1203,22983,1.0,0,Cumul de difficultés. Pas de moyen de transport et garde d'enfants complexe.,2
ID_SYN_0552,47.0,Bac,6.8,C1302,15230,1.0,0,"Perte de confiance importante. Risque d'exclusion, barrière de la langue.",2
ID_SYN_0553,,Bac,1.4,D1401,63373,1.0,0,Projet de reconversion à affiner. Besoin d'une formation complémentaire.,1
ID_SYN_0554,38.0,Bac+2,6.0,K1601,87427,1.0,0,Projet de reconversion à affiner. Besoin d'une formation complémentaire.,1
ID_SYN_0555,44.0,Bac+2,0.9,K2106,56139,1.0,0,"Perte de confiance importante. Risque d'exclusion, barrière de la langue.",2
ID_SYN_0556,27.0,Sans diplôme,7.5,H1504,78207,0.0,0,"Perte de confiance importante. Risque d'exclusion, barrière de la langue.",2
ID_SYN_0557,42.0,Bac+5,0.2,K1601,31475,1.0,0,"Candidat très dynamique, mobilité nationale validée. Projet clair.",0
ID_SYN_0558,18.0,Sans diplôme,2.3,N1301,98471,1.0,0,Compétences à réactualiser sur les outils numériques. Motivation correcte.,2
ID_SYN_0559,63.0,Bac+2,2.8,J1506,48483,0.0,0,"Excellente présentation, compétences techniques à jour. Reprise rapide visée.",1
ID_SYN_0560,42.0,Bac,0.6,M1705,37118,0.0,0,"Excellente présentation, compétences techniques à jour. Reprise rapide visée.",0
ID_SYN_0561,51.0,Bac,4.2,H2502,74281,1.0,0,Problème ponctuel de mobilité géographique. Zone mal desservie.,1
ID_SYN_0562,30.0,Bac,2.9,M1805,16608,0.0,0,Problème ponctuel de mobilité géographique. Zone mal desservie.,1
ID_SYN_0563,37.0,Bac,1.0,H1206,73165,0.0,0,"Perte de confiance importante. Risque d'exclusion, barrière de la langue.",2
ID_SYN_0564,46.0,Bac+2,2.4,C1501,62822,1.0,0,Projet de reconversion à affiner. Besoin d'une formation complémentaire.,1
ID_SYN_0565,19.0,Bac,1.0,N1303,51374,0.0,0,Compétences à réactualiser sur les outils numériques. Motivation correcte.,1
ID_SYN_0566,36.0,Bac,4.0,W1401,23973,0.0,1,Compétences à réactualiser sur les outils numériques. Motivation correcte.,1
ID_SYN_0567,42.0,Bac,3.2,D1406,05405,1.0,0,"Candidat très dynamique, mobilité nationale validée. Projet clair.",0
ID_SYN_0568,36.0,Bac,2.0,F1603,86854,1.0,0,"Excellente présentation, compétences techniques à jour. Reprise rapide visée.",0
ID_SYN_0569,,Sans diplôme,2.0,J1301,77818,1.0,0,"Perte de confiance importante. Risque d'exclusion, barrière de la langue.",2
ID_SYN_0570,33.0,Sans diplôme,1.4,M1602,46625,1.0,0,Cumul de difficultés. Pas de moyen de transport et garde d'enfants complexe.,2
ID_SYN_0571,50.0,Bac+5,3.2,M1501,01609,,0,"Perte de confiance importante. Risque d'exclusion, barrière de la langue.",1
ID_SYN_0572,56.0,Bac,2.8,K2101,34776,0.0,0,Projet de reconversion à affiner. Besoin d'une formation complémentaire.,1
ID_SYN_0573,46.0,Bac+5,4.2,W1401,32886,1.0,1,Freins périphériques majeurs. Situation d'illettrisme numérique constatée.,1
ID_SYN_0574,54.0,,0.6,K1601,16239,1.0,0,Compétences à réactualiser sur les outils numériques. Motivation correcte.,1
ID_SYN_0575,45.0,Bac,2.3,J1506,47281,0.0,0,"Excellente présentation, compétences techniques à jour. Reprise rapide visée.",0
ID_SYN_0576,24.0,Sans diplôme,5.6,A1501,73686,0.0,0,"Excellente présentation, compétences techniques à jour. Reprise rapide visée.",1
ID_SYN_0577,19.0,Bac,5.1,K1903,97614,1.0,0,"Profil autonome, recherche active, aucun frein périphérique identifié.",0
ID_SYN_0578,38.0,Bac+2,1.6,M1705,47665,0.0,0,"Profil autonome, recherche active, aucun frein périphérique identifié.",0
ID_SYN_0579,18.0,Sans diplôme,3.9,N4301,71972,1.0,0,Compétences à réactualiser sur les outils numériques. Motivation correcte.,2
ID_SYN_0580,43.0,Bac+5,1.0,K1903,24969,0.0,0,"Candidat très dynamique, mobilité nationale validée. Projet clair.",0
ID_SYN_0581,38.0,Bac+5,2.7,K2106,56466,0.0,0,Compétences à réactualiser sur les outils numériques. Motivation correcte.,0
ID_SYN_0582,43.0,Bac,5.0,K1403,16776,1.0,0,Problème ponctuel de mobilité géographique. Zone mal desservie.,1
ID_SYN_0583,46.0,Bac,0.7,G1801,48395,0.0,0,Projet de reconversion à affiner. Besoin d'une formation complémentaire.,1
ID_SYN_0584,55.0,Bac,4.2,H2502,25105,0.0,0,"Excellente présentation, compétences techniques à jour. Reprise rapide visée.",0
ID_SYN_0585,34.0,Sans diplôme,2.5,K1304,24578,1.0,0,"Candidat très dynamique, mobilité nationale validée. Projet clair.",1
ID_SYN_0586,58.0,,1.5,M1203,57651,1.0,0,"Profil autonome, recherche active, aucun frein périphérique identifié.",1
ID_SYN_0587,27.0,Sans diplôme,10.2,D1401,56249,1.0,0,Compétences à réactualiser sur les outils numériques. Motivation correcte.,2
ID_SYN_0588,57.0,,12.3,G1602,33895,1.0,0,Freins périphériques majeurs. Situation d'illettrisme numérique constatée.,2
ID_SYN_0589,39.0,Bac+2,1.5,K1601,83557,1.0,0,"Candidat très dynamique, mobilité nationale validée. Projet clair.",0
ID_SYN_0590,32.0,Bac+2,2.5,H1504,03599,1.0,0,"Candidat très dynamique, mobilité nationale validée. Projet clair.",0
ID_SYN_0591,22.0,Bac,6.0,D1401,38304,1.0,0,Cumul de difficultés. Pas de moyen de transport et garde d'enfants complexe.,2
ID_SYN_0592,18.0,Bac+2,1.5,M1705,38555,1.0,0,"Perte de confiance importante. Risque d'exclusion, barrière de la langue.",2
ID_SYN_0593,40.0,,2.6,M1801,81256,1.0,1,"Perte de confiance importante. Risque d'exclusion, barrière de la langue.",2
ID_SYN_0594,62.0,Bac+5,2.5,M1802,39188,0.0,0,"Excellente présentation, compétences techniques à jour. Reprise rapide visée.",0
ID_SYN_0595,37.0,Bac+2,3.0,N4101,77928,1.0,0,"Excellente présentation, compétences techniques à jour. Reprise rapide visée.",0
ID_SYN_0596,48.0,Bac,1.0,M1805,33983,1.0,0,"Profil autonome, recherche active, aucun frein périphérique identifié.",0
ID_SYN_0597,24.0,Bac+2,0.6,K1601,72884,0.0,0,Projet de reconversion à affiner. Besoin d'une formation complémentaire.,1
ID_SYN_0598,60.0,Bac+2,7.1,C1102,86830,,0,Problème ponctuel de mobilité géographique. Zone mal desservie.,1
ID_SYN_0599,25.0,Bac,0.1,C1302,70041,1.0,0,Problème ponctuel de mobilité géographique. Zone mal desservie.,1
ID_SYN_0600,55.0,Sans diplôme,2.9,K1403,71855,1.0,0,Freins périphériques majeurs. Situation d'illettrisme numérique constatée.,2
ID_SYN_0601,25.0,Bac,1.2,M1801,84342,1.0,0,Freins périphériques majeurs. Situation d'illettrisme numérique constatée.,2
ID_SYN_0602,42.0,Bac,2.3,K2111,30770,1.0,1,Freins périphériques majeurs. Situation d'illettrisme numérique constatée.,2
ID_SYN_0603,27.0,Bac,2.5,K2106,18865,0.0,0,Compétences à réactualiser sur les outils numériques. Motivation correcte.,1
ID_SYN_0604,29.0,Bac,21.0,G1602,02197,1.0,1,Freins périphériques majeurs. Situation d'illettrisme numérique constatée.,2
ID_SYN_0605,33.0,Bac+5,2.6,J1506,74472,1.0,0,"Profil autonome, recherche active, aucun frein périphérique identifié.",0
ID_SYN_0606,51.0,Bac,2.0,G1203,11382,1.0,0,"Profil autonome, recherche active, aucun frein périphérique identifié.",0
ID_SYN_0607,26.0,Bac,1.2,G1601,85994,1.0,0,"Candidat très dynamique, mobilité nationale validée. Projet clair.",0
ID_SYN_0608,31.0,Bac+5,0.9,C1201,84478,1.0,0,"Candidat très dynamique, mobilité nationale validée. Projet clair.",0
ID_SYN_0609,38.0,Bac,2.7,A1401,71119,1.0,0,Problème ponctuel de mobilité géographique. Zone mal desservie.,1
ID_SYN_0610,,,11.5,D1503,12822,0.0,0,Compétences à réactualiser sur les outils numériques. Motivation correcte.,1
ID_SYN_0611,49.0,Bac,5.1,K1403,92348,0.0,0,"Excellente présentation, compétences techniques à jour. Reprise rapide visée.",0
ID_SYN_0612,35.0,Bac,2.0,A1501,72197,,0,"Perte de confiance importante. Risque d'exclusion, barrière de la langue.",2
ID_SYN_0613,38.0,Sans diplôme,0.7,W1401,94674,1.0,0,Projet de reconversion à affiner. Besoin d'une formation complémentaire.,2
ID_SYN_0614,39.0,Bac+2,3.4,N4101,13315,1.0,0,Freins périphériques majeurs. Situation d'illettrisme numérique constatée.,2
ID_SYN_0615,42.0,,2.6,D1210,83465,1.0,0,"Excellente présentation, compétences techniques à jour. Reprise rapide visée.",0
ID_SYN_0616,44.0,Bac+2,2.6,D1406,48241,0.0,0,"Candidat très dynamique, mobilité nationale validée. Projet clair.",0
ID_SYN_0617,32.0,Bac+5,7.1,A1202,22936,0.0,0,"Excellente présentation, compétences techniques à jour. Reprise rapide visée.",0
ID_SYN_0618,60.0,Bac+2,2.8,N1101,79146,0.0,1,Freins périphériques majeurs. Situation d'illettrisme numérique constatée.,2
ID_SYN_0619,50.0,Bac+2,0.2,N4301,82937,1.0,0,"Excellente présentation, compétences techniques à jour. Reprise rapide visée.",0
ID_SYN_0620,46.0,Bac,3.0,D1503,42515,1.0,0,Freins périphériques majeurs. Situation d'illettrisme numérique constatée.,2
ID_SYN_0621,61.0,Bac+5,7.4,A1203,91341,1.0,0,"Profil autonome, recherche active, aucun frein périphérique identifié.",0
ID_SYN_0622,59.0,Bac+2,4.8,G1601,72137,0.0,0,Cumul de difficultés. Pas de moyen de transport et garde d'enfants complexe.,2
ID_SYN_0623,25.0,Sans diplôme,5.4,M1607,73682,0.0,0,"Candidat très dynamique, mobilité nationale validée. Projet clair.",1
ID_SYN_0624,57.0,Bac,1.1,A1202,84627,1.0,0,Freins périphériques majeurs. Situation d'illettrisme numérique constatée.,2
ID_SYN_0625,59.0,Bac+2,0.7,G1801,95503,1.0,0,"Profil autonome, recherche active, aucun frein périphérique identifié.",1
ID_SYN_0626,63.0,,6.4,C1501,81352,0.0,0,Cumul de difficultés. Pas de moyen de transport et garde d'enfants complexe.,2
ID_SYN_0627,44.0,Bac,1.0,C1302,24414,0.0,0,Compétences à réactualiser sur les outils numériques. Motivation correcte.,1
ID_SYN_0628,53.0,Sans diplôme,8.3,M1805,65213,0.0,0,"Perte de confiance importante. Risque d'exclusion, barrière de la langue.",2
ID_SYN_0629,43.0,Bac+2,3.6,A1202,28359,1.0,0,Projet de reconversion à affiner. Besoin d'une formation complémentaire.,1
ID_SYN_0630,51.0,Bac+5,3.7,M1203,98449,1.0,0,"Excellente présentation, compétences techniques à jour. Reprise rapide visée.",0
ID_SYN_0631,37.0,Bac,1.1,K2106,06328,1.0,0,"Candidat très dynamique, mobilité nationale validée. Projet clair.",0
ID_SYN_0632,36.0,Bac+5,1.8,N1303,31279,0.0,0,Projet de reconversion à affiner. Besoin d'une formation complémentaire.,0
ID_SYN_0633,21.0,Sans diplôme,8.7,M1203,74156,0.0,0,Problème ponctuel de mobilité géographique. Zone mal desservie.,2
ID_SYN_0634,52.0,Sans diplôme,0.7,C1110,22864,1.0,0,"Perte de confiance importante. Risque d'exclusion, barrière de la langue.",2
ID_SYN_0635,55.0,Bac,9.4,H1504,42307,1.0,0,Freins périphériques majeurs. Situation d'illettrisme numérique constatée.,2
ID_SYN_0636,55.0,,1.3,M1607,32551,1.0,0,"Excellente présentation, compétences techniques à jour. Reprise rapide visée.",0
ID_SYN_0637,62.0,Sans diplôme,3.3,K1304,53047,1.0,0,Freins périphériques majeurs. Situation d'illettrisme numérique constatée.,2
ID_SYN_0638,,Sans diplôme,1.2,A1202,40365,0.0,0,"Candidat très dynamique, mobilité nationale validée. Projet clair.",1
ID_SYN_0639,54.0,Sans diplôme,8.6,M1203,68013,1.0,1,"Candidat très dynamique, mobilité nationale validée. Projet clair.",1
ID_SYN_0640,41.0,Bac+5,11.3,G1203,49114,0.0,0,Problème ponctuel de mobilité géographique. Zone mal desservie.,0
ID_SYN_0641,35.0,Bac,2.1,N1303,11118,0.0,0,"Profil autonome, recherche active, aucun frein périphérique identifié.",0
ID_SYN_0642,63.0,Bac+5,3.0,M1607,85181,1.0,0,Projet de reconversion à affiner. Besoin d'une formation complémentaire.,1
ID_SYN_0643,41.0,Bac+2,6.6,H1504,57925,0.0,0,"Excellente présentation, compétences techniques à jour. Reprise rapide visée.",0
ID_SYN_0644,48.0,Bac+5,1.5,M1801,83862,0.0,0,Compétences à réactualiser sur les outils numériques. Motivation correcte.,0
ID_SYN_0645,36.0,Bac,0.8,N1101,29940,1.0,0,Cumul de difficultés. Pas de moyen de transport et garde d'enfants complexe.,2
ID_SYN_0646,50.0,Bac+2,2.3,C1102,30109,,0,Cumul de difficultés. Pas de moyen de transport et garde d'enfants complexe.,2
ID_SYN_0647,45.0,Bac+5,3.3,M1203,53322,0.0,0,Compétences à réactualiser sur les outils numériques. Motivation correcte.,0
ID_SYN_0648,21.0,Bac,4.5,M1203,26966,1.0,0,Freins périphériques majeurs. Situation d'illettrisme numérique constatée.,2
ID_SYN_0649,44.0,Bac+2,5.5,F1603,10390,1.0,0,"Profil autonome, recherche active, aucun frein périphérique identifié.",0
ID_SYN_0650,22.0,Bac,5.6,K1201,48876,1.0,0,"Perte de confiance importante. Risque d'exclusion, barrière de la langue.",2
ID_SYN_0651,27.0,Bac,3.2,M1705,58961,0.0,0,"Excellente présentation, compétences techniques à jour. Reprise rapide visée.",0
ID_SYN_0652,36.0,Bac,0.3,N4301,96484,0.0,0,Problème ponctuel de mobilité géographique. Zone mal desservie.,1
ID_SYN_0653,63.0,Sans diplôme,1.6,A1202,45993,1.0,1,"Candidat très dynamique, mobilité nationale validée. Projet clair.",2
ID_SYN_0654,37.0,Sans diplôme,0.6,D1502,27712,0.0,0,Cumul de difficultés. Pas de moyen de transport et garde d'enfants complexe.,2
ID_SYN_0655,27.0,Bac+2,3.2,I1304,77415,1.0,1,Compétences à réactualiser sur les outils numériques. Motivation correcte.,1
ID_SYN_0656,56.0,Bac,3.7,A1401,61943,0.0,0,"Candidat très dynamique, mobilité nationale validée. Projet clair.",1
ID_SYN_0657,52.0,Sans diplôme,9.3,C1110,03500,0.0,0,"Excellente présentation, compétences techniques à jour. Reprise rapide visée.",1
ID_SYN_0658,63.0,Bac+5,1.8,G1801,64525,,0,Projet de reconversion à affiner. Besoin d'une formation complémentaire.,1
ID_SYN_0659,48.0,Bac,2.7,A1301,33426,1.0,0,Compétences à réactualiser sur les outils numériques. Motivation correcte.,1
ID_SYN_0660,41.0,Bac,5.3,H1504,82950,1.0,0,"Excellente présentation, compétences techniques à jour. Reprise rapide visée.",0
ID_SYN_0661,47.0,,5.6,I1304,04862,0.0,0,"Candidat très dynamique, mobilité nationale validée. Projet clair.",0
ID_SYN_0662,33.0,Bac+5,1.4,C1102,96668,0.0,0,Problème ponctuel de mobilité géographique. Zone mal desservie.,0
ID_SYN_0663,59.0,,1.8,M1501,21021,1.0,0,"Profil autonome, recherche active, aucun frein périphérique identifié.",1
ID_SYN_0664,53.0,Bac,5.0,M1602,71956,1.0,0,Problème ponctuel de mobilité géographique. Zone mal desservie.,1
ID_SYN_0665,37.0,Sans diplôme,6.3,K1201,20025,1.0,0,Problème ponctuel de mobilité géographique. Zone mal desservie.,2
ID_SYN_0666,50.0,Bac+2,11.5,D1401,42628,0.0,0,Projet de reconversion à affiner. Besoin d'une formation complémentaire.,1
ID_SYN_0667,23.0,Sans diplôme,3.4,G1602,59065,0.0,1,"Perte de confiance importante. Risque d'exclusion, barrière de la langue.",2
ID_SYN_0668,24.0,Bac+5,3.0,C1110,18241,1.0,0,"Profil autonome, recherche active, aucun frein périphérique identifié.",0
ID_SYN_0669,43.0,Bac+2,0.4,M1607,31432,0.0,0,"Profil autonome, recherche active, aucun frein périphérique identifié.",0
ID_SYN_0670,38.0,Sans diplôme,1.7,N1301,86140,1.0,0,Freins périphériques majeurs. Situation d'illettrisme numérique constatée.,2
ID_SYN_0671,20.0,Bac+5,1.2,J1506,02967,0.0,0,Compétences à réactualiser sur les outils numériques. Motivation correcte.,0
ID_SYN_0672,42.0,,4.6,A1501,24209,1.0,0,"Profil autonome, recherche active, aucun frein périphérique identifié.",0
ID_SYN_0673,29.0,,1.2,F1603,57040,1.0,0,Freins périphériques majeurs. Situation d'illettrisme numérique constatée.,2
ID_SYN_0674,21.0,Sans diplôme,2.1,K2106,85068,1.0,0,Cumul de difficultés. Pas de moyen de transport et garde d'enfants complexe.,2
ID_SYN_0675,24.0,Bac+5,4.1,F1603,68987,1.0,0,Compétences à réactualiser sur les outils numériques. Motivation correcte.,0
ID_SYN_0676,51.0,,10.7,D1406,39165,1.0,0,Compétences à réactualiser sur les outils numériques. Motivation correcte.,1
ID_SYN_0677,60.0,Bac+5,3.2,M1705,08149,0.0,0,"Candidat très dynamique, mobilité nationale validée. Projet clair.",0
ID_SYN_0678,23.0,Bac+5,2.0,C1201,24562,1.0,0,Cumul de difficultés. Pas de moyen de transport et garde d'enfants complexe.,1
ID_SYN_0679,51.0,Bac+5,0.7,A1203,24445,0.0,0,Freins périphériques majeurs. Situation d'illettrisme numérique constatée.,1
ID_SYN_0680,19.0,Bac+5,2.6,N1101,86010,1.0,0,"Excellente présentation, compétences techniques à jour. Reprise rapide visée.",0
ID_SYN_0681,33.0,Bac+5,9.9,M1801,48571,0.0,0,Freins périphériques majeurs. Situation d'illettrisme numérique constatée.,1
ID_SYN_0682,41.0,Bac+2,0.9,I1304,73134,,0,Problème ponctuel de mobilité géographique. Zone mal desservie.,1
ID_SYN_0683,55.0,Bac+2,2.4,D1210,19953,1.0,0,Problème ponctuel de mobilité géographique. Zone mal desservie.,1
ID_SYN_0684,49.0,Bac+2,7.8,G1601,83110,0.0,0,Freins périphériques majeurs. Situation d'illettrisme numérique constatée.,2
ID_SYN_0685,37.0,Bac+5,8.8,K1403,66225,0.0,0,Compétences à réactualiser sur les outils numériques. Motivation correcte.,0
ID_SYN_0686,32.0,Bac,20.5,K1403,54759,1.0,0,Freins périphériques majeurs. Situation d'illettrisme numérique constatée.,2
ID_SYN_0687,39.0,Bac+2,16.7,D1502,07411,1.0,0,Cumul de difficultés. Pas de moyen de transport et garde d'enfants complexe.,2
ID_SYN_0688,45.0,Sans diplôme,1.4,H1206,12495,0.0,0,"Candidat très dynamique, mobilité nationale validée. Projet clair.",1
ID_SYN_0689,,Bac,2.6,D1401,60682,1.0,0,Cumul de difficultés. Pas de moyen de transport et garde d'enfants complexe.,2
ID_SYN_0690,50.0,Bac,1.3,A1501,57010,1.0,0,"Perte de confiance importante. Risque d'exclusion, barrière de la langue.",2
ID_SYN_0691,52.0,Sans diplôme,3.6,K2106,55232,0.0,0,"Excellente présentation, compétences techniques à jour. Reprise rapide visée.",1
ID_SYN_0692,60.0,Bac+2,1.3,C1102,64394,0.0,0,Cumul de difficultés. Pas de moyen de transport et garde d'enfants complexe.,2
ID_SYN_0693,28.0,Bac+2,3.1,G1203,69864,1.0,0,"Excellente présentation, compétences techniques à jour. Reprise rapide visée.",0
ID_SYN_0694,45.0,Bac+2,0.5,K1903,24580,1.0,0,Freins périphériques majeurs. Situation d'illettrisme numérique constatée.,2
ID_SYN_0695,54.0,Bac,6.9,M1801,16456,0.0,0,Freins périphériques majeurs. Situation d'illettrisme numérique constatée.,2
ID_SYN_0696,63.0,Sans diplôme,4.3,M1203,84558,1.0,0,"Excellente présentation, compétences techniques à jour. Reprise rapide visée.",2
ID_SYN_0697,59.0,Bac+2,11.4,K2101,73088,0.0,0,"Candidat très dynamique, mobilité nationale validée. Projet clair.",1
ID_SYN_0698,33.0,Sans diplôme,0.3,D1401,26430,0.0,0,Compétences à réactualiser sur les outils numériques. Motivation correcte.,2
ID_SYN_0699,20.0,Bac,15.0,K1601,21366,1.0,0,Problème ponctuel de mobilité géographique. Zone mal desservie.,1
ID_SYN_0700,25.0,Bac+5,3.3,N4101,08342,0.0,0,"Perte de confiance importante. Risque d'exclusion, barrière de la langue.",1
ID_SYN_0701,60.0,Bac,6.1,M1501,90848,0.0,0,"Profil autonome, recherche active, aucun frein périphérique identifié.",1
ID_SYN_0702,36.0,Bac+5,1.5,H1206,50183,0.0,0,Compétences à réactualiser sur les outils numériques. Motivation correcte.,0
ID_SYN_0703,29.0,Bac+5,1.2,N1301,42222,1.0,0,"Candidat très dynamique, mobilité nationale validée. Projet clair.",0
ID_SYN_0704,62.0,Bac,6.7,D1502,69825,1.0,0,"Candidat très dynamique, mobilité nationale validée. Projet clair.",1
ID_SYN_0705,38.0,Sans diplôme,6.8,K2101,04268,1.0,1,Freins périphériques majeurs. Situation d'illettrisme numérique constatée.,2
ID_SYN_0706,44.0,Bac+5,1.5,G1602,43904,0.0,0,Cumul de difficultés. Pas de moyen de transport et garde d'enfants complexe.,1
ID_SYN_0707,37.0,Bac+5,3.5,D1502,95970,1.0,0,Problème ponctuel de mobilité géographique. Zone mal desservie.,0
ID_SYN_0708,,Bac,4.2,M1806,78894,0.0,0,Compétences à réactualiser sur les outils numériques. Motivation correcte.,1
ID_SYN_0709,61.0,Bac,2.2,A1203,76701,0.0,0,"Candidat très dynamique, mobilité nationale validée. Projet clair.",1
ID_SYN_0710,19.0,Bac+2,2.4,G1801,58817,0.0,0,Cumul de difficultés. Pas de moyen de transport et garde d'enfants complexe.,2
ID_SYN_0711,51.0,Bac,7.4,K2101,14418,0.0,1,Cumul de difficultés. Pas de moyen de transport et garde d'enfants complexe.,2
ID_SYN_0712,29.0,Bac,1.0,M1501,33089,0.0,0,"Candidat très dynamique, mobilité nationale validée. Projet clair.",0
ID_SYN_0713,43.0,Bac,1.7,K1601,89538,1.0,0,Compétences à réactualiser sur les outils numériques. Motivation correcte.,1
ID_SYN_0714,38.0,Bac,5.5,M1705,47612,1.0,0,Freins périphériques majeurs. Situation d'illettrisme numérique constatée.,2
ID_SYN_0715,35.0,Bac+5,2.4,M1501,18274,1.0,0,Freins périphériques majeurs. Situation d'illettrisme numérique constatée.,1
ID_SYN_0716,40.0,Bac+5,0.5,K1601,31368,0.0,0,Freins périphériques majeurs. Situation d'illettrisme numérique constatée.,1
ID_SYN_0717,28.0,Sans diplôme,7.1,N1101,88186,0.0,0,Problème ponctuel de mobilité géographique. Zone mal desservie.,2
ID_SYN_0718,44.0,Bac+5,1.1,H1504,63737,1.0,0,Projet de reconversion à affiner. Besoin d'une formation complémentaire.,0
ID_SYN_0719,19.0,Sans diplôme,3.7,J1301,94621,1.0,0,Projet de reconversion à affiner. Besoin d'une formation complémentaire.,2
ID_SYN_0720,45.0,Bac,1.1,M1602,55190,1.0,0,"Perte de confiance importante. Risque d'exclusion, barrière de la langue.",2
ID_SYN_0721,18.0,Bac,4.2,N1101,78459,1.0,0,"Profil autonome, recherche active, aucun frein périphérique identifié.",0
ID_SYN_0722,40.0,,2.3,M1805,88766,0.0,0,Problème ponctuel de mobilité géographique. Zone mal desservie.,1
ID_SYN_0723,55.0,Bac+5,1.6,G1801,73756,1.0,0,Freins périphériques majeurs. Situation d'illettrisme numérique constatée.,1
ID_SYN_0724,38.0,Bac,4.3,G1801,65788,1.0,0,"Perte de confiance importante. Risque d'exclusion, barrière de la langue.",2
ID_SYN_0725,56.0,Sans diplôme,3.3,N4301,20231,0.0,0,Compétences à réactualiser sur les outils numériques. Motivation correcte.,2
ID_SYN_0726,30.0,Bac,3.5,M1806,42497,1.0,0,"Profil autonome, recherche active, aucun frein périphérique identifié.",0
ID_SYN_0727,44.0,Bac+5,5.1,C1102,77379,1.0,1,"Excellente présentation, compétences techniques à jour. Reprise rapide visée.",0
ID_SYN_0728,,,0.4,M1203,07963,0.0,0,"Excellente présentation, compétences techniques à jour. Reprise rapide visée.",0
ID_SYN_0729,,Bac+2,0.5,F1603,57585,0.0,0,Compétences à réactualiser sur les outils numériques. Motivation correcte.,1
ID_SYN_0730,36.0,Bac,1.7,D1502,87833,1.0,0,Cumul de difficultés. Pas de moyen de transport et garde d'enfants complexe.,2
ID_SYN_0731,43.0,Sans diplôme,2.6,C1501,38810,1.0,0,"Perte de confiance importante. Risque d'exclusion, barrière de la langue.",2
ID_SYN_0732,39.0,Bac+2,1.8,M1805,58243,0.0,0,Freins périphériques majeurs. Situation d'illettrisme numérique constatée.,2
ID_SYN_0733,59.0,Sans diplôme,5.1,M1705,24566,1.0,0,"Perte de confiance importante. Risque d'exclusion, barrière de la langue.",2
ID_SYN_0734,45.0,Bac,1.1,M1607,01973,1.0,0,"Perte de confiance importante. Risque d'exclusion, barrière de la langue.",2
ID_SYN_0735,36.0,Bac+5,6.4,M1501,49099,1.0,0,Cumul de difficultés. Pas de moyen de transport et garde d'enfants complexe.,1
ID_SYN_0736,,Sans diplôme,1.9,C1501,96706,1.0,0,Projet de reconversion à affiner. Besoin d'une formation complémentaire.,2
ID_SYN_0737,34.0,,2.1,K2106,80963,1.0,0,Projet de reconversion à affiner. Besoin d'une formation complémentaire.,1
ID_SYN_0738,50.0,Bac,0.2,M1602,41959,,0,Cumul de difficultés. Pas de moyen de transport et garde d'enfants complexe.,2
ID_SYN_0739,52.0,Bac+5,2.1,M1501,97182,0.0,0,Freins périphériques majeurs. Situation d'illettrisme numérique constatée.,1
ID_SYN_0740,31.0,Bac,5.9,N1303,74886,0.0,0,"Candidat très dynamique, mobilité nationale validée. Projet clair.",0
ID_SYN_0741,33.0,Bac+2,9.5,N4101,82830,1.0,0,"Candidat très dynamique, mobilité nationale validée. Projet clair.",0
ID_SYN_0742,,Bac,0.4,C1302,81713,0.0,0,"Candidat très dynamique, mobilité nationale validée. Projet clair.",0
ID_SYN_0743,38.0,Bac+5,10.8,M1805,59543,0.0,0,Problème ponctuel de mobilité géographique. Zone mal desservie.,0
ID_SYN_0744,37.0,Sans diplôme,2.6,A1301,45937,0.0,0,Cumul de difficultés. Pas de moyen de transport et garde d'enfants complexe.,2
ID_SYN_0745,26.0,,0.5,W1401,51222,1.0,0,"Perte de confiance importante. Risque d'exclusion, barrière de la langue.",2
ID_SYN_0746,21.0,Bac,1.7,A1401,85182,0.0,0,"Excellente présentation, compétences techniques à jour. Reprise rapide visée.",0
ID_SYN_0747,63.0,Bac+5,3.4,N4101,70798,1.0,0,Freins périphériques majeurs. Situation d'illettrisme numérique constatée.,2
ID_SYN_0748,58.0,Bac+2,1.0,A1202,38852,0.0,0,"Perte de confiance importante. Risque d'exclusion, barrière de la langue.",2
ID_SYN_0749,38.0,Bac,1.8,C1110,70637,,0,Compétences à réactualiser sur les outils numériques. Motivation correcte.,1
ID_SYN_0750,37.0,,4.5,G1302,36007,1.0,0,"Excellente présentation, compétences techniques à jour. Reprise rapide visée.",0
ID_SYN_0751,45.0,Bac,6.9,N1303,89065,1.0,0,"Profil autonome, recherche active, aucun frein périphérique identifié.",0
ID_SYN_0752,39.0,Sans diplôme,1.1,A1202,89185,1.0,0,Cumul de difficultés. Pas de moyen de transport et garde d'enfants complexe.,2
ID_SYN_0753,,Sans diplôme,1.1,D1503,96060,1.0,0,"Excellente présentation, compétences techniques à jour. Reprise rapide visée.",1
ID_SYN_0754,40.0,Sans diplôme,5.7,M1607,84634,0.0,1,"Profil autonome, recherche active, aucun frein périphérique identifié.",1
ID_SYN_0755,29.0,,2.3,C1201,92180,1.0,0,Problème ponctuel de mobilité géographique. Zone mal desservie.,1
ID_SYN_0756,44.0,Bac,1.9,W1401,56965,0.0,0,"Candidat très dynamique, mobilité nationale validée. Projet clair.",0
ID_SYN_0757,46.0,Bac+2,1.4,W1401,09177,0.0,0,"Candidat très dynamique, mobilité nationale validée. Projet clair.",0
ID_SYN_0758,52.0,Bac,4.1,A1501,65450,,0,Freins périphériques majeurs. Situation d'illettrisme numérique constatée.,2
ID_SYN_0759,30.0,Sans diplôme,0.7,W1401,57525,1.0,0,Cumul de difficultés. Pas de moyen de transport et garde d'enfants complexe.,2
ID_SYN_0760,63.0,Bac+2,1.8,A1501,75887,1.0,0,Projet de reconversion à affiner. Besoin d'une formation complémentaire.,2
ID_SYN_0761,59.0,Bac+2,21.2,A1301,88111,1.0,0,Compétences à réactualiser sur les outils numériques. Motivation correcte.,2
ID_SYN_0762,26.0,Sans diplôme,1.6,K1601,58154,1.0,0,Freins périphériques majeurs. Situation d'illettrisme numérique constatée.,2
ID_SYN_0763,38.0,Bac+2,5.5,N1101,64185,0.0,0,"Perte de confiance importante. Risque d'exclusion, barrière de la langue.",2
ID_SYN_0764,56.0,Bac,1.8,M1801,85813,0.0,0,Compétences à réactualiser sur les outils numériques. Motivation correcte.,1
ID_SYN_0765,63.0,Bac,3.0,M1802,27623,0.0,0,"Candidat très dynamique, mobilité nationale validée. Projet clair.",1
ID_SYN_0766,30.0,Sans diplôme,8.3,M1801,91287,0.0,0,Projet de reconversion à affiner. Besoin d'une formation complémentaire.,2
ID_SYN_0767,62.0,Sans diplôme,1.4,A1203,95337,1.0,0,"Profil autonome, recherche active, aucun frein périphérique identifié.",2
ID_SYN_0768,50.0,Bac,1.8,K2111,59891,1.0,0,Freins périphériques majeurs. Situation d'illettrisme numérique constatée.,2
ID_SYN_0769,40.0,Sans diplôme,3.2,C1201,28745,0.0,0,"Perte de confiance importante. Risque d'exclusion, barrière de la langue.",2
ID_SYN_0770,37.0,Bac+2,1.4,N4101,76936,1.0,0,Problème ponctuel de mobilité géographique. Zone mal desservie.,1
ID_SYN_0771,53.0,Sans diplôme,3.7,F1603,92920,1.0,0,Compétences à réactualiser sur les outils numériques. Motivation correcte.,2
ID_SYN_0772,36.0,Sans diplôme,6.6,K1403,81114,1.0,0,Projet de reconversion à affiner. Besoin d'une formation complémentaire.,2
ID_SYN_0773,29.0,Bac+2,12.5,A1501,27560,0.0,0,"Profil autonome, recherche active, aucun frein périphérique identifié.",0
ID_SYN_0774,32.0,Bac+5,1.7,C1302,43151,1.0,0,Cumul de difficultés. Pas de moyen de transport et garde d'enfants complexe.,1
ID_SYN_0775,27.0,Bac+5,8.4,G1302,19512,1.0,0,Projet de reconversion à affiner. Besoin d'une formation complémentaire.,0
ID_SYN_0776,28.0,Sans diplôme,2.9,C1302,14102,0.0,0,Compétences à réactualiser sur les outils numériques. Motivation correcte.,2
ID_SYN_0777,26.0,Bac+2,15.0,A1202,01946,0.0,0,Projet de reconversion à affiner. Besoin d'une formation complémentaire.,1
ID_SYN_0778,45.0,Sans diplôme,4.1,N1101,17632,1.0,0,Freins périphériques majeurs. Situation d'illettrisme numérique constatée.,2
ID_SYN_0779,46.0,Bac+2,0.9,M1607,24593,1.0,1,Compétences à réactualiser sur les outils numériques. Motivation correcte.,1
ID_SYN_0780,33.0,Bac+2,3.6,A1202,74100,1.0,0,"Perte de confiance importante. Risque d'exclusion, barrière de la langue.",2
ID_SYN_0781,62.0,Sans diplôme,10.6,K2101,29740,0.0,0,Cumul de difficultés. Pas de moyen de transport et garde d'enfants complexe.,2
ID_SYN_0782,54.0,Bac+2,3.2,M1806,63182,0.0,0,Problème ponctuel de mobilité géographique. Zone mal desservie.,1
ID_SYN_0783,40.0,Sans diplôme,0.9,K1201,33949,0.0,0,"Profil autonome, recherche active, aucun frein périphérique identifié.",1
ID_SYN_0784,55.0,Bac+5,4.1,D1401,21715,0.0,0,Cumul de difficultés. Pas de moyen de transport et garde d'enfants complexe.,1
ID_SYN_0785,52.0,Bac,5.4,J1506,27050,1.0,0,"Excellente présentation, compétences techniques à jour. Reprise rapide visée.",0
ID_SYN_0786,26.0,Bac+5,6.1,N4101,55079,0.0,0,"Profil autonome, recherche active, aucun frein périphérique identifié.",0
ID_SYN_0787,51.0,Bac,1.4,C1501,29333,1.0,0,"Perte de confiance importante. Risque d'exclusion, barrière de la langue.",2
ID_SYN_0788,20.0,Bac,0.3,G1302,27504,0.0,0,"Excellente présentation, compétences techniques à jour. Reprise rapide visée.",0
ID_SYN_0789,53.0,Sans diplôme,1.4,K1403,55817,0.0,0,Freins périphériques majeurs. Situation d'illettrisme numérique constatée.,2
ID_SYN_0790,41.0,Bac,0.9,M1501,73450,1.0,0,Problème ponctuel de mobilité géographique. Zone mal desservie.,1
ID_SYN_0791,21.0,Sans diplôme,1.9,K1403,37591,1.0,1,Freins périphériques majeurs. Situation d'illettrisme numérique constatée.,2
ID_SYN_0792,,Bac,1.0,M1602,20525,0.0,0,"Profil autonome, recherche active, aucun frein périphérique identifié.",0
ID_SYN_0793,35.0,Bac+5,1.9,A1301,56797,0.0,1,Cumul de difficultés. Pas de moyen de transport et garde d'enfants complexe.,1
ID_SYN_0794,60.0,Bac,7.3,C1102,74202,1.0,0,"Profil autonome, recherche active, aucun frein périphérique identifié.",1
ID_SYN_0795,55.0,Bac+2,1.7,M1802,12892,0.0,0,"Profil autonome, recherche active, aucun frein périphérique identifié.",0
ID_SYN_0796,,Bac+2,1.6,K1403,61786,1.0,0,Compétences à réactualiser sur les outils numériques. Motivation correcte.,1
ID_SYN_0797,21.0,Bac+5,0.8,N1301,84021,1.0,0,Freins périphériques majeurs. Situation d'illettrisme numérique constatée.,1
ID_SYN_0798,,Bac+2,3.0,K1201,36361,1.0,0,"Candidat très dynamique, mobilité nationale validée. Projet clair.",0
ID_SYN_0799,44.0,Bac+2,2.2,N4101,08184,0.0,0,"Excellente présentation, compétences techniques à jour. Reprise rapide visée.",0
ID_SYN_0800,54.0,Bac+5,8.9,M1705,06357,0.0,0,Freins périphériques majeurs. Situation d'illettrisme numérique constatée.,1
ID_SYN_0801,54.0,Sans diplôme,2.6,C1302,44899,0.0,0,"Profil autonome, recherche active, aucun frein périphérique identifié.",1
ID_SYN_0802,21.0,Sans diplôme,3.4,N4301,98650,1.0,0,"Profil autonome, recherche active, aucun frein périphérique identifié.",1
ID_SYN_0803,26.0,Bac,2.5,A1501,49865,1.0,0,Compétences à réactualiser sur les outils numériques. Motivation correcte.,1
ID_SYN_0804,39.0,Bac,4.0,G1601,60241,0.0,0,Cumul de difficultés. Pas de moyen de transport et garde d'enfants complexe.,2
ID_SYN_0805,54.0,Bac+5,15.7,D1406,61014,1.0,1,Projet de reconversion à affiner. Besoin d'une formation complémentaire.,0
ID_SYN_0806,40.0,Bac,0.3,G1302,15683,,0,Problème ponctuel de mobilité géographique. Zone mal desservie.,1
ID_SYN_0807,59.0,Bac,4.4,J1506,90443,1.0,0,"Candidat très dynamique, mobilité nationale validée. Projet clair.",1
ID_SYN_0808,38.0,Sans diplôme,5.5,D1406,09250,1.0,0,"Candidat très dynamique, mobilité nationale validée. Projet clair.",1
ID_SYN_0809,,Bac+5,4.7,M1802,85679,1.0,0,"Excellente présentation, compétences techniques à jour. Reprise rapide visée.",0
ID_SYN_0810,18.0,Bac,1.7,G1602,75350,1.0,0,Freins périphériques majeurs. Situation d'illettrisme numérique constatée.,2
ID_SYN_0811,41.0,Bac+5,1.7,W1401,07202,0.0,0,"Candidat très dynamique, mobilité nationale validée. Projet clair.",0
ID_SYN_0812,52.0,Bac,4.4,G1601,24891,1.0,0,Cumul de difficultés. Pas de moyen de transport et garde d'enfants complexe.,2
ID_SYN_0813,57.0,Bac+5,6.3,C1201,06393,1.0,0,"Profil autonome, recherche active, aucun frein périphérique identifié.",0
ID_SYN_0814,56.0,Bac+2,1.5,M1805,42542,1.0,0,Compétences à réactualiser sur les outils numériques. Motivation correcte.,2
ID_SYN_0815,45.0,Sans diplôme,4.1,A1203,54026,,0,Projet de reconversion à affiner. Besoin d'une formation complémentaire.,2
ID_SYN_0816,44.0,Bac+2,5.1,K2101,44421,1.0,0,Cumul de difficultés. Pas de moyen de transport et garde d'enfants complexe.,2
ID_SYN_0817,28.0,Bac,1.6,M1501,96491,,0,Problème ponctuel de mobilité géographique. Zone mal desservie.,1
ID_SYN_0818,28.0,Bac,0.2,M1806,73215,1.0,1,Problème ponctuel de mobilité géographique. Zone mal desservie.,1
ID_SYN_0819,22.0,Sans diplôme,1.4,A1401,80711,0.0,0,"Excellente présentation, compétences techniques à jour. Reprise rapide visée.",1
ID_SYN_0820,29.0,Bac+2,5.6,C1102,71570,1.0,0,Compétences à réactualiser sur les outils numériques. Motivation correcte.,1
ID_SYN_0821,36.0,Bac+2,1.1,G1801,80058,,0,Freins périphériques majeurs. Situation d'illettrisme numérique constatée.,2
ID_SYN_0822,23.0,Bac+5,2.9,H2502,51608,1.0,0,"Perte de confiance importante. Risque d'exclusion, barrière de la langue.",1
ID_SYN_0823,53.0,Bac,1.1,D1502,96401,,0,Projet de reconversion à affiner. Besoin d'une formation complémentaire.,1
ID_SYN_0824,32.0,Bac+2,1.5,N1303,55289,1.0,0,"Perte de confiance importante. Risque d'exclusion, barrière de la langue.",2
ID_SYN_0825,34.0,Bac+2,6.9,H1206,09665,0.0,0,Cumul de difficultés. Pas de moyen de transport et garde d'enfants complexe.,2
ID_SYN_0826,21.0,Bac+2,2.0,J1506,23923,0.0,0,"Candidat très dynamique, mobilité nationale validée. Projet clair.",0
ID_SYN_0827,52.0,Bac+2,2.3,G1601,73596,0.0,0,"Perte de confiance importante. Risque d'exclusion, barrière de la langue.",2
ID_SYN_0828,34.0,Bac+5,2.4,D1503,04517,1.0,0,Freins périphériques majeurs. Situation d'illettrisme numérique constatée.,1
ID_SYN_0829,50.0,Sans diplôme,2.5,M1802,88282,1.0,0,Projet de reconversion à affiner. Besoin d'une formation complémentaire.,2
ID_SYN_0830,63.0,Bac,6.1,N4301,37335,1.0,0,Projet de reconversion à affiner. Besoin d'une formation complémentaire.,2
ID_SYN_0831,33.0,,12.8,G1203,83312,1.0,0,"Perte de confiance importante. Risque d'exclusion, barrière de la langue.",2
ID_SYN_0832,29.0,,4.1,G1203,22344,1.0,0,Compétences à réactualiser sur les outils numériques. Motivation correcte.,1
ID_SYN_0833,41.0,Sans diplôme,3.3,G1302,48338,1.0,0,Compétences à réactualiser sur les outils numériques. Motivation correcte.,2
ID_SYN_0834,52.0,Bac+5,5.9,K2101,26403,0.0,0,Projet de reconversion à affiner. Besoin d'une formation complémentaire.,0
ID_SYN_0835,24.0,Sans diplôme,4.3,M1806,40462,1.0,0,"Excellente présentation, compétences techniques à jour. Reprise rapide visée.",1
ID_SYN_0836,53.0,Bac+2,4.3,A1202,18950,1.0,0,Problème ponctuel de mobilité géographique. Zone mal desservie.,1
ID_SYN_0837,57.0,Bac,5.0,D1502,21257,0.0,1,Projet de reconversion à affiner. Besoin d'une formation complémentaire.,1
ID_SYN_0838,26.0,Bac+5,4.5,K2111,94394,1.0,0,Cumul de difficultés. Pas de moyen de transport et garde d'enfants complexe.,1
ID_SYN_0839,57.0,Bac+2,4.1,A1203,63851,1.0,0,Problème ponctuel de mobilité géographique. Zone mal desservie.,2
ID_SYN_0840,51.0,Bac+2,2.4,N4301,45832,1.0,1,Cumul de difficultés. Pas de moyen de transport et garde d'enfants complexe.,2
ID_SYN_0841,55.0,Bac,1.3,N1101,30697,0.0,0,Problème ponctuel de mobilité géographique. Zone mal desservie.,1
ID_SYN_0842,25.0,Sans diplôme,3.1,A1501,03464,1.0,0,Projet de reconversion à affiner. Besoin d'une formation complémentaire.,2
ID_SYN_0843,51.0,Bac+2,2.5,M1602,08768,0.0,0,Cumul de difficultés. Pas de moyen de transport et garde d'enfants complexe.,2
ID_SYN_0844,36.0,Bac+5,0.2,C1201,79878,0.0,0,Projet de reconversion à affiner. Besoin d'une formation complémentaire.,0
ID_SYN_0845,51.0,Bac+5,3.3,M1602,46591,1.0,0,"Candidat très dynamique, mobilité nationale validée. Projet clair.",0
ID_SYN_0846,33.0,Bac+5,0.8,C1110,76777,1.0,0,Projet de reconversion à affiner. Besoin d'une formation complémentaire.,0
ID_SYN_0847,48.0,Bac,2.6,A1202,96072,,0,Cumul de difficultés. Pas de moyen de transport et garde d'enfants complexe.,2
ID_SYN_0848,56.0,Sans diplôme,0.4,K1304,89280,1.0,0,Problème ponctuel de mobilité géographique. Zone mal desservie.,2
ID_SYN_0849,44.0,Sans diplôme,1.3,J1506,15790,1.0,0,"Profil autonome, recherche active, aucun frein périphérique identifié.",1
ID_SYN_0850,56.0,Bac,0.4,N1301,38784,1.0,0,"Excellente présentation, compétences techniques à jour. Reprise rapide visée.",1
ID_SYN_0851,30.0,Sans diplôme,2.5,M1806,59190,0.0,0,"Candidat très dynamique, mobilité nationale validée. Projet clair.",1
ID_SYN_0852,36.0,Bac,1.2,M1806,49161,1.0,0,Freins périphériques majeurs. Situation d'illettrisme numérique constatée.,2
ID_SYN_0853,40.0,,3.7,C1201,19791,0.0,0,Projet de reconversion à affiner. Besoin d'une formation complémentaire.,1
ID_SYN_0854,27.0,Bac+2,10.0,A1501,48672,1.0,0,Problème ponctuel de mobilité géographique. Zone mal desservie.,1
ID_SYN_0855,49.0,Bac,7.1,N1303,66419,,0,"Perte de confiance importante. Risque d'exclusion, barrière de la langue.",2
ID_SYN_0856,45.0,Bac+2,1.3,H1504,63367,0.0,0,"Perte de confiance importante. Risque d'exclusion, barrière de la langue.",2
ID_SYN_0857,47.0,,0.9,C1110,17015,1.0,0,Freins périphériques majeurs. Situation d'illettrisme numérique constatée.,2
ID_SYN_0858,30.0,Bac,3.4,A1501,66291,0.0,0,Compétences à réactualiser sur les outils numériques. Motivation correcte.,1
ID_SYN_0859,48.0,,4.0,N4301,11029,1.0,0,Projet de reconversion à affiner. Besoin d'une formation complémentaire.,1
ID_SYN_0860,35.0,Bac,4.4,K1903,67164,1.0,0,Freins périphériques majeurs. Situation d'illettrisme numérique constatée.,2
ID_SYN_0861,32.0,Bac,5.3,K1201,16615,1.0,1,Compétences à réactualiser sur les outils numériques. Motivation correcte.,1
ID_SYN_0862,46.0,Bac,2.1,M1805,40720,1.0,0,Cumul de difficultés. Pas de moyen de transport et garde d'enfants complexe.,2
ID_SYN_0863,58.0,Sans diplôme,3.2,M1501,89476,0.0,0,Projet de reconversion à affiner. Besoin d'une formation complémentaire.,2
ID_SYN_0864,61.0,Bac+2,1.2,K2101,08305,1.0,0,Problème ponctuel de mobilité géographique. Zone mal desservie.,2
ID_SYN_0865,18.0,Bac,6.6,G1801,09050,1.0,0,"Candidat très dynamique, mobilité nationale validée. Projet clair.",0
ID_SYN_0866,,Sans diplôme,1.8,N4301,82940,0.0,0,Compétences à réactualiser sur les outils numériques. Motivation correcte.,2
ID_SYN_0867,32.0,Sans diplôme,5.6,F1603,31752,1.0,0,"Profil autonome, recherche active, aucun frein périphérique identifié.",1
ID_SYN_0868,36.0,Bac+2,2.3,D1210,03583,0.0,0,"Excellente présentation, compétences techniques à jour. Reprise rapide visée.",0
ID_SYN_0869,54.0,Sans diplôme,5.1,G1302,03674,1.0,0,"Perte de confiance importante. Risque d'exclusion, barrière de la langue.",2
ID_SYN_0870,40.0,Bac+2,2.5,K1903,14114,1.0,0,Projet de reconversion à affiner. Besoin d'une formation complémentaire.,1
ID_SYN_0871,27.0,Sans diplôme,1.9,M1705,40258,1.0,0,Problème ponctuel de mobilité géographique. Zone mal desservie.,2
ID_SYN_0872,54.0,Bac,1.5,D1502,38664,1.0,0,Cumul de difficultés. Pas de moyen de transport et garde d'enfants complexe.,2
ID_SYN_0873,61.0,Bac,3.8,N1301,76784,1.0,0,Projet de reconversion à affiner. Besoin d'une formation complémentaire.,2
ID_SYN_0874,26.0,Bac,1.2,H1504,11048,1.0,0,"Profil autonome, recherche active, aucun frein périphérique identifié.",0
ID_SYN_0875,36.0,Bac,2.8,J1506,53730,1.0,0,"Profil autonome, recherche active, aucun frein périphérique identifié.",0
ID_SYN_0876,58.0,Bac,1.0,D1401,76608,1.0,0,Cumul de difficultés. Pas de moyen de transport et garde d'enfants complexe.,2
ID_SYN_0877,35.0,Bac+2,7.3,M1705,57849,1.0,0,Cumul de difficultés. Pas de moyen de transport et garde d'enfants complexe.,2
ID_SYN_0878,24.0,Bac+2,4.7,C1501,98836,0.0,0,"Profil autonome, recherche active, aucun frein périphérique identifié.",0
ID_SYN_0879,35.0,Bac,7.6,M1801,27680,0.0,0,Projet de reconversion à affiner. Besoin d'une formation complémentaire.,1
ID_SYN_0880,55.0,Bac,6.2,J1301,32258,0.0,0,"Profil autonome, recherche active, aucun frein périphérique identifié.",0
ID_SYN_0881,62.0,Sans diplôme,2.6,K1201,56314,1.0,0,Cumul de difficultés. Pas de moyen de transport et garde d'enfants complexe.,2
ID_SYN_0882,62.0,Sans diplôme,1.3,M1805,73182,0.0,0,"Candidat très dynamique, mobilité nationale validée. Projet clair.",1
ID_SYN_0883,35.0,Bac+5,1.9,G1801,79852,1.0,0,Projet de reconversion à affiner. Besoin d'une formation complémentaire.,0
ID_SYN_0884,23.0,Sans diplôme,0.8,J1301,95926,1.0,0,Projet de reconversion à affiner. Besoin d'une formation complémentaire.,2
ID_SYN_0885,18.0,Bac,9.2,G1203,66070,1.0,0,Cumul de difficultés. Pas de moyen de transport et garde d'enfants complexe.,2
ID_SYN_0886,60.0,Bac,1.6,N4101,98512,1.0,0,"Perte de confiance importante. Risque d'exclusion, barrière de la langue.",2
ID_SYN_0887,27.0,Bac,2.4,J1506,34332,0.0,1,Freins périphériques majeurs. Situation d'illettrisme numérique constatée.,2
ID_SYN_0888,27.0,Sans diplôme,2.3,K1201,63240,1.0,0,Cumul de difficultés. Pas de moyen de transport et garde d'enfants complexe.,2
ID_SYN_0889,55.0,,1.0,G1602,03762,1.0,0,"Excellente présentation, compétences techniques à jour. Reprise rapide visée.",0
ID_SYN_0890,41.0,Bac+5,4.6,N1101,89027,1.0,0,Compétences à réactualiser sur les outils numériques. Motivation correcte.,0
ID_SYN_0891,43.0,Bac+2,3.8,K2111,31983,,0,Projet de reconversion à affiner. Besoin d'une formation complémentaire.,1
ID_SYN_0892,37.0,Bac,0.3,G1602,12829,1.0,1,"Candidat très dynamique, mobilité nationale validée. Projet clair.",0
ID_SYN_0893,45.0,Bac+2,2.0,M1801,42573,1.0,0,Freins périphériques majeurs. Situation d'illettrisme numérique constatée.,2
ID_SYN_0894,44.0,Bac+2,1.3,K1601,97592,0.0,0,Freins périphériques majeurs. Situation d'illettrisme numérique constatée.,2
ID_SYN_0895,58.0,Bac+5,3.1,N1101,35205,1.0,0,Problème ponctuel de mobilité géographique. Zone mal desservie.,1
ID_SYN_0896,23.0,Bac,0.2,N1101,04584,1.0,0,Freins périphériques majeurs. Situation d'illettrisme numérique constatée.,2
ID_SYN_0897,24.0,Bac+2,1.3,J1301,27224,1.0,0,Compétences à réactualiser sur les outils numériques. Motivation correcte.,1
ID_SYN_0898,29.0,Bac,3.2,M1607,90883,0.0,0,Problème ponctuel de mobilité géographique. Zone mal desservie.,1
ID_SYN_0899,26.0,Bac+5,2.9,M1806,78728,1.0,0,Problème ponctuel de mobilité géographique. Zone mal desservie.,0
ID_SYN_0900,25.0,Bac+5,4.8,M1501,30423,1.0,0,"Perte de confiance importante. Risque d'exclusion, barrière de la langue.",1
ID_SYN_0901,,Sans diplôme,4.8,K1403,26987,1.0,0,Projet de reconversion à affiner. Besoin d'une formation complémentaire.,2
ID_SYN_0902,57.0,Bac+5,2.5,C1102,49224,1.0,0,Problème ponctuel de mobilité géographique. Zone mal desservie.,1
ID_SYN_0903,40.0,Bac+2,17.0,M1806,65769,1.0,0,Freins périphériques majeurs. Situation d'illettrisme numérique constatée.,2
ID_SYN_0904,57.0,Bac+2,2.8,N4101,65771,1.0,0,"Candidat très dynamique, mobilité nationale validée. Projet clair.",1
ID_SYN_0905,45.0,Bac,3.4,J1506,24641,0.0,0,"Profil autonome, recherche active, aucun frein périphérique identifié.",0
ID_SYN_0906,34.0,Sans diplôme,1.4,H2502,77402,0.0,0,"Profil autonome, recherche active, aucun frein périphérique identifié.",1
ID_SYN_0907,43.0,Bac,13.8,M1806,28815,0.0,0,"Perte de confiance importante. Risque d'exclusion, barrière de la langue.",2
ID_SYN_0908,36.0,Bac+2,3.7,A1401,44628,0.0,0,Compétences à réactualiser sur les outils numériques. Motivation correcte.,1
ID_SYN_0909,48.0,Bac,2.0,A1202,34247,1.0,0,Compétences à réactualiser sur les outils numériques. Motivation correcte.,1
ID_SYN_0910,60.0,Bac,7.1,A1301,77085,1.0,0,Cumul de difficultés. Pas de moyen de transport et garde d'enfants complexe.,2
ID_SYN_0911,48.0,Sans diplôme,1.1,G1801,94094,0.0,0,Projet de reconversion à affiner. Besoin d'une formation complémentaire.,2
ID_SYN_0912,43.0,Sans diplôme,1.2,N4101,48263,0.0,0,"Candidat très dynamique, mobilité nationale validée. Projet clair.",1
ID_SYN_0913,55.0,Bac,11.8,K2106,42026,1.0,0,"Candidat très dynamique, mobilité nationale validée. Projet clair.",0
ID_SYN_0914,32.0,Sans diplôme,4.1,M1805,84447,1.0,1,Cumul de difficultés. Pas de moyen de transport et garde d'enfants complexe.,2
ID_SYN_0915,23.0,Sans diplôme,2.4,D1210,93531,0.0,0,"Candidat très dynamique, mobilité nationale validée. Projet clair.",1
ID_SYN_0916,39.0,Sans diplôme,3.5,K1903,60999,1.0,0,Cumul de difficultés. Pas de moyen de transport et garde d'enfants complexe.,2
ID_SYN_0917,48.0,Bac+5,8.8,D1401,23058,0.0,0,"Candidat très dynamique, mobilité nationale validée. Projet clair.",0
ID_SYN_0918,47.0,Bac+5,2.6,K2106,75814,1.0,0,Compétences à réactualiser sur les outils numériques. Motivation correcte.,0
ID_SYN_0919,61.0,Bac+5,6.6,A1203,38261,1.0,0,"Excellente présentation, compétences techniques à jour. Reprise rapide visée.",0
ID_SYN_0920,28.0,Bac+2,4.0,C1501,04784,1.0,1,"Excellente présentation, compétences techniques à jour. Reprise rapide visée.",0
ID_SYN_0921,23.0,Bac+5,3.8,H1206,06747,1.0,1,Compétences à réactualiser sur les outils numériques. Motivation correcte.,0
ID_SYN_0922,21.0,,0.4,D1502,07380,1.0,0,Problème ponctuel de mobilité géographique. Zone mal desservie.,1
ID_SYN_0923,36.0,Bac,4.1,C1102,53279,1.0,0,"Perte de confiance importante. Risque d'exclusion, barrière de la langue.",2
ID_SYN_0924,55.0,Bac,3.2,D1210,51921,1.0,0,"Profil autonome, recherche active, aucun frein périphérique identifié.",0
ID_SYN_0925,46.0,Bac,2.9,K1201,97454,1.0,0,Freins périphériques majeurs. Situation d'illettrisme numérique constatée.,2
ID_SYN_0926,51.0,Bac,1.2,K2101,27197,0.0,0,"Excellente présentation, compétences techniques à jour. Reprise rapide visée.",0
ID_SYN_0927,51.0,Bac+5,8.8,H2502,81460,1.0,0,"Perte de confiance importante. Risque d'exclusion, barrière de la langue.",1
ID_SYN_0928,30.0,Bac+2,3.9,M1802,90946,1.0,1,"Profil autonome, recherche active, aucun frein périphérique identifié.",0
ID_SYN_0929,47.0,Bac+5,4.3,K1201,11378,1.0,0,Freins périphériques majeurs. Situation d'illettrisme numérique constatée.,1
ID_SYN_0930,56.0,Bac,4.4,K2106,57063,0.0,1,"Profil autonome, recherche active, aucun frein périphérique identifié.",1
ID_SYN_0931,54.0,Sans diplôme,4.0,J1506,13384,0.0,0,"Perte de confiance importante. Risque d'exclusion, barrière de la langue.",2
ID_SYN_0932,54.0,Bac+2,5.6,A1203,15933,1.0,0,Cumul de difficultés. Pas de moyen de transport et garde d'enfants complexe.,2
ID_SYN_0933,38.0,Bac,0.1,N1301,40013,1.0,0,"Perte de confiance importante. Risque d'exclusion, barrière de la langue.",2
ID_SYN_0934,57.0,Bac+2,4.1,D1401,28665,1.0,0,"Excellente présentation, compétences techniques à jour. Reprise rapide visée.",1
ID_SYN_0935,54.0,Bac+2,5.0,A1203,01766,1.0,0,Cumul de difficultés. Pas de moyen de transport et garde d'enfants complexe.,2
ID_SYN_0936,46.0,Sans diplôme,11.9,G1602,82067,1.0,0,Freins périphériques majeurs. Situation d'illettrisme numérique constatée.,2
ID_SYN_0937,26.0,Bac+2,2.2,C1102,17395,,0,"Candidat très dynamique, mobilité nationale validée. Projet clair.",0
ID_SYN_0938,44.0,Sans diplôme,2.8,D1502,64060,1.0,0,Compétences à réactualiser sur les outils numériques. Motivation correcte.,2
ID_SYN_0939,24.0,Bac+2,4.6,C1102,40441,1.0,0,"Profil autonome, recherche active, aucun frein périphérique identifié.",0
ID_SYN_0940,37.0,Sans diplôme,2.6,K1903,62799,0.0,1,Freins périphériques majeurs. Situation d'illettrisme numérique constatée.,2
ID_SYN_0941,,Bac,1.4,A1401,44758,0.0,0,"Perte de confiance importante. Risque d'exclusion, barrière de la langue.",2
ID_SYN_0942,,Bac+2,0.2,G1601,05851,,0,Cumul de difficultés. Pas de moyen de transport et garde d'enfants complexe.,2
ID_SYN_0943,18.0,Bac,5.6,D1503,94623,1.0,0,Freins périphériques majeurs. Situation d'illettrisme numérique constatée.,2
ID_SYN_0944,62.0,Sans diplôme,4.2,K1601,16327,1.0,0,"Perte de confiance importante. Risque d'exclusion, barrière de la langue.",2
ID_SYN_0945,18.0,Bac+5,4.8,N1303,26192,1.0,0,"Candidat très dynamique, mobilité nationale validée. Projet clair.",0
ID_SYN_0946,51.0,Bac,0.9,C1302,39455,1.0,0,Freins périphériques majeurs. Situation d'illettrisme numérique constatée.,2
ID_SYN_0947,28.0,Bac,4.9,K1601,22237,1.0,0,"Excellente présentation, compétences techniques à jour. Reprise rapide visée.",0
ID_SYN_0948,38.0,Bac,9.0,D1210,80396,1.0,0,"Profil autonome, recherche active, aucun frein périphérique identifié.",0
ID_SYN_0949,24.0,Bac+5,3.1,A1401,03376,1.0,0,Cumul de difficultés. Pas de moyen de transport et garde d'enfants complexe.,1
ID_SYN_0950,24.0,Bac,2.1,A1301,09344,0.0,0,Cumul de difficultés. Pas de moyen de transport et garde d'enfants complexe.,2
ID_SYN_0951,40.0,Sans diplôme,6.5,H1504,07117,1.0,0,"Excellente présentation, compétences techniques à jour. Reprise rapide visée.",1
ID_SYN_0952,32.0,Bac+2,0.5,N1301,07608,1.0,0,Projet de reconversion à affiner. Besoin d'une formation complémentaire.,1
ID_SYN_0953,36.0,Bac,3.3,M1705,80908,1.0,0,Projet de reconversion à affiner. Besoin d'une formation complémentaire.,1
ID_SYN_0954,63.0,Bac+5,3.3,D1502,48400,0.0,0,Projet de reconversion à affiner. Besoin d'une formation complémentaire.,1
ID_SYN_0955,53.0,Bac,6.2,C1501,85815,1.0,0,Projet de reconversion à affiner. Besoin d'une formation complémentaire.,1
ID_SYN_0956,20.0,Bac+5,5.1,F1603,63084,0.0,1,Compétences à réactualiser sur les outils numériques. Motivation correcte.,0
ID_SYN_0957,40.0,Bac,2.4,M1801,88162,1.0,0,"Excellente présentation, compétences techniques à jour. Reprise rapide visée.",0
ID_SYN_0958,58.0,Bac+2,4.8,J1506,54648,1.0,0,"Perte de confiance importante. Risque d'exclusion, barrière de la langue.",2
ID_SYN_0959,23.0,,1.3,C1501,02303,1.0,1,Freins périphériques majeurs. Situation d'illettrisme numérique constatée.,2
ID_SYN_0960,20.0,Bac,0.9,K1201,09056,0.0,0,Problème ponctuel de mobilité géographique. Zone mal desservie.,1
ID_SYN_0961,39.0,Sans diplôme,4.8,G1601,55959,0.0,0,Cumul de difficultés. Pas de moyen de transport et garde d'enfants complexe.,2
ID_SYN_0962,22.0,Bac+2,0.8,A1202,37671,0.0,0,"Excellente présentation, compétences techniques à jour. Reprise rapide visée.",0
ID_SYN_0963,47.0,Bac+2,6.9,M1705,82027,1.0,0,Cumul de difficultés. Pas de moyen de transport et garde d'enfants complexe.,2
ID_SYN_0964,31.0,Bac+2,1.0,G1602,12046,1.0,0,"Profil autonome, recherche active, aucun frein périphérique identifié.",0
ID_SYN_0965,,Bac,8.2,G1601,29014,1.0,0,Cumul de difficultés. Pas de moyen de transport et garde d'enfants complexe.,2
ID_SYN_0966,48.0,Bac+2,0.3,K2111,78660,1.0,0,Compétences à réactualiser sur les outils numériques. Motivation correcte.,1
ID_SYN_0967,49.0,Bac+5,4.2,H2502,35046,1.0,0,Compétences à réactualiser sur les outils numériques. Motivation correcte.,0
ID_SYN_0968,28.0,Bac,1.6,M1501,97581,1.0,0,"Candidat très dynamique, mobilité nationale validée. Projet clair.",0
ID_SYN_0969,,Bac,4.7,M1607,31649,1.0,0,Cumul de difficultés. Pas de moyen de transport et garde d'enfants complexe.,2
ID_SYN_0970,42.0,Bac,0.5,K2106,97667,1.0,0,"Perte de confiance importante. Risque d'exclusion, barrière de la langue.",2
ID_SYN_0971,54.0,Bac,2.9,C1501,94276,1.0,0,Projet de reconversion à affiner. Besoin d'une formation complémentaire.,1
ID_SYN_0972,53.0,Bac,1.0,K1304,11233,1.0,0,"Profil autonome, recherche active, aucun frein périphérique identifié.",0
ID_SYN_0973,41.0,Bac,2.0,M1602,66382,1.0,0,"Candidat très dynamique, mobilité nationale validée. Projet clair.",0
ID_SYN_0974,23.0,,2.0,D1210,19919,1.0,0,"Perte de confiance importante. Risque d'exclusion, barrière de la langue.",2
ID_SYN_0975,40.0,Bac,2.3,C1201,92025,,0,Cumul de difficultés. Pas de moyen de transport et garde d'enfants complexe.,2
ID_SYN_0976,26.0,Bac,2.6,M1607,54558,1.0,0,Projet de reconversion à affiner. Besoin d'une formation complémentaire.,1
ID_SYN_0977,23.0,Bac,1.0,H2502,40748,1.0,0,"Candidat très dynamique, mobilité nationale validée. Projet clair.",0
ID_SYN_0978,29.0,Sans diplôme,4.1,G1601,29256,1.0,0,"Candidat très dynamique, mobilité nationale validée. Projet clair.",1
ID_SYN_0979,62.0,Bac+2,12.0,J1506,64068,1.0,0,Compétences à réactualiser sur les outils numériques. Motivation correcte.,2
ID_SYN_0980,49.0,Bac+2,4.8,N4301,19156,1.0,0,Problème ponctuel de mobilité géographique. Zone mal desservie.,1
ID_SYN_0981,21.0,Bac,2.1,C1102,82889,1.0,0,"Excellente présentation, compétences techniques à jour. Reprise rapide visée.",0
ID_SYN_0982,57.0,Bac,2.6,N4101,37356,1.0,0,Freins périphériques majeurs. Situation d'illettrisme numérique constatée.,2
ID_SYN_0983,50.0,Bac+5,2.6,M1203,85562,1.0,0,"Candidat très dynamique, mobilité nationale validée. Projet clair.",0
ID_SYN_0984,46.0,Bac+2,4.1,M1501,69387,1.0,0,Compétences à réactualiser sur les outils numériques. Motivation correcte.,1
ID_SYN_0985,50.0,Bac,10.2,A1203,37039,0.0,1,Problème ponctuel de mobilité géographique. Zone mal desservie.,1
ID_SYN_0986,30.0,Bac,2.9,M1607,42999,1.0,0,Cumul de difficultés. Pas de moyen de transport et garde d'enfants complexe.,2
ID_SYN_0987,52.0,Sans diplôme,3.3,A1203,70193,0.0,0,"Perte de confiance importante. Risque d'exclusion, barrière de la langue.",2
ID_SYN_0988,61.0,Bac,3.4,D1401,34496,0.0,0,Problème ponctuel de mobilité géographique. Zone mal desservie.,1
ID_SYN_0989,39.0,Sans diplôme,6.3,D1401,04561,1.0,0,"Excellente présentation, compétences techniques à jour. Reprise rapide visée.",1
ID_SYN_0990,20.0,Bac,4.6,I1304,16855,0.0,0,"Candidat très dynamique, mobilité nationale validée. Projet clair.",0
ID_SYN_0991,36.0,Bac,0.6,I1304,16083,0.0,0,Cumul de difficultés. Pas de moyen de transport et garde d'enfants complexe.,2
ID_SYN_0992,50.0,Bac,4.8,A1203,36279,0.0,0,"Profil autonome, recherche active, aucun frein périphérique identifié.",0
ID_SYN_0993,28.0,Bac+2,2.0,G1602,75481,1.0,0,Problème ponctuel de mobilité géographique. Zone mal desservie.,1
ID_SYN_0994,22.0,Sans diplôme,0.7,K2111,23044,0.0,1,"Excellente présentation, compétences techniques à jour. Reprise rapide visée.",1
ID_SYN_0995,31.0,Bac,0.5,K1403,82360,1.0,0,Compétences à réactualiser sur les outils numériques. Motivation correcte.,1
ID_SYN_0996,58.0,,14.0,M1806,50827,1.0,0,"Candidat très dynamique, mobilité nationale validée. Projet clair.",1
ID_SYN_0997,19.0,Bac+5,1.7,N4101,71004,1.0,0,Problème ponctuel de mobilité géographique. Zone mal desservie.,0
ID_SYN_0998,37.0,Bac,0.7,G1302,57618,0.0,0,Cumul de difficultés. Pas de moyen de transport et garde d'enfants complexe.,2
ID_SYN_0999,32.0,Bac,3.5,N4301,93766,1.0,1,"Candidat très dynamique, mobilité nationale validée. Projet clair.",0
ID_SYN_1000,46.0,Bac,2.0,A1203,91681,0.0,0,"Excellente présentation, compétences techniques à jour. Reprise rapide visée.",0
ID_SYN_1001,46.0,Bac+5,4.0,J1506,73848,0.0,0,Problème ponctuel de mobilité géographique. Zone mal desservie.,0
ID_SYN_1002,25.0,Bac+2,2.4,K2111,05056,1.0,0,Projet de reconversion à affiner. Besoin d'une formation complémentaire.,1
ID_SYN_1003,46.0,Bac+5,3.9,M1607,47919,0.0,1,"Perte de confiance importante. Risque d'exclusion, barrière de la langue.",1
ID_SYN_1004,35.0,Bac+5,2.9,D1406,59271,,0,"Excellente présentation, compétences techniques à jour. Reprise rapide visée.",0
ID_SYN_1005,,Bac+2,3.0,C1102,81405,1.0,0,"Profil autonome, recherche active, aucun frein périphérique identifié.",0
ID_SYN_1006,20.0,Bac+5,0.5,G1302,65597,,1,Compétences à réactualiser sur les outils numériques. Motivation correcte.,0
ID_SYN_1007,42.0,Bac+2,5.1,C1201,37352,0.0,0,"Perte de confiance importante. Risque d'exclusion, barrière de la langue.",2
ID_SYN_1008,55.0,Bac,7.7,A1501,78091,1.0,0,Problème ponctuel de mobilité géographique. Zone mal desservie.,1
ID_SYN_1009,60.0,Sans diplôme,0.8,N1303,36956,1.0,0,Cumul de difficultés. Pas de moyen de transport et garde d'enfants complexe.,2
ID_SYN_1010,37.0,Bac+2,3.7,M1806,74415,1.0,0,"Candidat très dynamique, mobilité nationale validée. Projet clair.",0
ID_SYN_1011,37.0,Sans diplôme,9.3,K1201,54330,1.0,0,"Excellente présentation, compétences techniques à jour. Reprise rapide visée.",1
ID_SYN_1012,47.0,Bac+2,7.6,A1401,37429,1.0,0,"Profil autonome, recherche active, aucun frein périphérique identifié.",0
ID_SYN_1013,39.0,Bac,6.9,N4101,30573,1.0,0,Compétences à réactualiser sur les outils numériques. Motivation correcte.,1
ID_SYN_1014,58.0,Bac,6.1,A1501,83050,0.0,0,"Candidat très dynamique, mobilité nationale validée. Projet clair.",1
ID_SYN_1015,19.0,Sans diplôme,2.3,G1203,33394,0.0,0,"Excellente présentation, compétences techniques à jour. Reprise rapide visée.",1
ID_SYN_1016,51.0,Bac,3.5,A1501,79638,0.0,0,"Profil autonome, recherche active, aucun frein périphérique identifié.",0
ID_SYN_1017,62.0,Bac+2,2.3,A1301,50465,1.0,0,Compétences à réactualiser sur les outils numériques. Motivation correcte.,2
ID_SYN_1018,26.0,Bac+5,2.7,A1401,40514,0.0,1,Freins périphériques majeurs. Situation d'illettrisme numérique constatée.,1
ID_SYN_1019,18.0,Bac,5.0,J1301,13560,0.0,0,"Perte de confiance importante. Risque d'exclusion, barrière de la langue.",2
ID_SYN_1020,49.0,Bac,1.1,I1304,61844,1.0,0,Freins périphériques majeurs. Situation d'illettrisme numérique constatée.,2
ID_SYN_1021,55.0,Bac+5,1.1,K1403,68792,0.0,1,Compétences à réactualiser sur les outils numériques. Motivation correcte.,0
ID_SYN_1022,42.0,Sans diplôme,2.5,M1501,17512,1.0,0,"Profil autonome, recherche active, aucun frein périphérique identifié.",1
ID_SYN_1023,32.0,Bac,2.9,C1302,06776,1.0,0,"Profil autonome, recherche active, aucun frein périphérique identifié.",0
ID_SYN_1024,36.0,Bac,7.6,M1602,71928,,0,"Candidat très dynamique, mobilité nationale validée. Projet clair.",0
ID_SYN_1025,34.0,Sans diplôme,11.0,K2106,77865,0.0,0,Compétences à réactualiser sur les outils numériques. Motivation correcte.,2
ID_SYN_1026,62.0,Sans diplôme,4.3,K1201,46064,1.0,0,Compétences à réactualiser sur les outils numériques. Motivation correcte.,2
ID_SYN_1027,40.0,Sans diplôme,2.6,N1101,91680,1.0,0,Freins périphériques majeurs. Situation d'illettrisme numérique constatée.,2
ID_SYN_1028,60.0,Bac+2,2.2,J1506,44072,1.0,1,"Candidat très dynamique, mobilité nationale validée. Projet clair.",1
ID_SYN_1029,57.0,Bac,1.0,M1801,30232,0.0,0,Compétences à réactualiser sur les outils numériques. Motivation correcte.,1
ID_SYN_1030,50.0,Bac,0.2,N4101,50271,1.0,0,"Excellente présentation, compétences techniques à jour. Reprise rapide visée.",0
ID_SYN_1031,35.0,Sans diplôme,0.5,M1203,16098,1.0,0,Compétences à réactualiser sur les outils numériques. Motivation correcte.,2
ID_SYN_1032,36.0,Bac,0.8,D1406,26929,1.0,0,Compétences à réactualiser sur les outils numériques. Motivation correcte.,1
ID_SYN_1033,30.0,Sans diplôme,1.8,D1401,26688,0.0,0,"Profil autonome, recherche active, aucun frein périphérique identifié.",1
ID_SYN_1034,,Bac+5,7.5,M1802,15544,0.0,0,"Perte de confiance importante. Risque d'exclusion, barrière de la langue.",1
ID_SYN_1035,63.0,Sans diplôme,4.8,K2106,82684,1.0,0,Problème ponctuel de mobilité géographique. Zone mal desservie.,2
ID_SYN_1036,42.0,Bac+5,2.3,D1406,70803,0.0,1,"Profil autonome, recherche active, aucun frein périphérique identifié.",0
ID_SYN_1037,45.0,Bac,6.1,N4301,81744,,0,Compétences à réactualiser sur les outils numériques. Motivation correcte.,1
ID_SYN_1038,55.0,Bac+5,2.2,C1302,67619,0.0,0,"Candidat très dynamique, mobilité nationale validée. Projet clair.",0
ID_SYN_1039,53.0,Bac+5,0.8,D1210,67665,0.0,0,Projet de reconversion à affiner. Besoin d'une formation complémentaire.,0
ID_SYN_1040,35.0,Bac+5,3.1,G1801,94387,1.0,0,Problème ponctuel de mobilité géographique. Zone mal desservie.,0
ID_SYN_1041,39.0,Bac+2,4.1,M1801,77543,1.0,0,"Perte de confiance importante. Risque d'exclusion, barrière de la langue.",2
ID_SYN_1042,39.0,Sans diplôme,7.6,G1602,56708,1.0,0,"Profil autonome, recherche active, aucun frein périphérique identifié.",1
ID_SYN_1043,60.0,Bac+2,5.2,N4301,12013,1.0,0,Problème ponctuel de mobilité géographique. Zone mal desservie.,2
ID_SYN_1044,20.0,Bac,2.7,K1201,60133,0.0,0,"Excellente présentation, compétences techniques à jour. Reprise rapide visée.",0
ID_SYN_1045,18.0,Bac,8.3,K1304,31643,0.0,0,Problème ponctuel de mobilité géographique. Zone mal desservie.,1
ID_SYN_1046,24.0,Sans diplôme,3.0,M1802,11244,0.0,0,Cumul de difficultés. Pas de moyen de transport et garde d'enfants complexe.,2
ID_SYN_1047,37.0,Bac+5,7.7,H1206,26774,0.0,0,"Profil autonome, recherche active, aucun frein périphérique identifié.",0
ID_SYN_1048,29.0,Bac,2.2,N1301,80171,1.0,0,"Profil autonome, recherche active, aucun frein périphérique identifié.",0
ID_SYN_1049,59.0,,0.1,W1401,40252,1.0,1,Compétences à réactualiser sur les outils numériques. Motivation correcte.,2
ID_SYN_1050,41.0,Bac,4.3,K1601,86733,1.0,0,Compétences à réactualiser sur les outils numériques. Motivation correcte.,1
ID_SYN_1051,63.0,Bac+2,0.8,K1601,31634,1.0,0,"Profil autonome, recherche active, aucun frein périphérique identifié.",1
ID_SYN_1052,56.0,Bac+5,0.6,G1801,25621,1.0,0,Projet de reconversion à affiner. Besoin d'une formation complémentaire.,1
ID_SYN_1053,38.0,Bac+5,1.8,H2502,19212,1.0,0,Compétences à réactualiser sur les outils numériques. Motivation correcte.,0
ID_SYN_1054,22.0,Sans diplôme,6.2,H1206,30555,0.0,0,"Excellente présentation, compétences techniques à jour. Reprise rapide visée.",1
ID_SYN_1055,34.0,Bac+2,1.7,M1602,04046,1.0,0,"Excellente présentation, compétences techniques à jour. Reprise rapide visée.",0
ID_SYN_1056,39.0,Sans diplôme,0.2,I1304,27765,,1,"Perte de confiance importante. Risque d'exclusion, barrière de la langue.",2
ID_SYN_1057,54.0,Sans diplôme,8.9,M1801,40930,1.0,0,Freins périphériques majeurs. Situation d'illettrisme numérique constatée.,2
ID_SYN_1058,40.0,Sans diplôme,1.5,A1203,25470,0.0,0,Freins périphériques majeurs. Situation d'illettrisme numérique constatée.,2
ID_SYN_1059,57.0,Bac+5,3.0,A1501,60593,0.0,0,Cumul de difficultés. Pas de moyen de transport et garde d'enfants complexe.,1
ID_SYN_1060,47.0,Bac,6.6,C1201,17926,1.0,0,Problème ponctuel de mobilité géographique. Zone mal desservie.,1
ID_SYN_1061,50.0,Bac,1.0,D1502,41600,,0,Problème ponctuel de mobilité géographique. Zone mal desservie.,1
ID_SYN_1062,31.0,Bac+2,0.3,K2101,94948,1.0,1,"Profil autonome, recherche active, aucun frein périphérique identifié.",0
ID_SYN_1063,53.0,Bac,12.0,M1607,33353,0.0,0,"Perte de confiance importante. Risque d'exclusion, barrière de la langue.",2
ID_SYN_1064,36.0,Bac+5,2.0,G1601,85711,1.0,0,Projet de reconversion à affiner. Besoin d'une formation complémentaire.,0
ID_SYN_1065,45.0,Bac,3.5,J1506,33654,1.0,0,Problème ponctuel de mobilité géographique. Zone mal desservie.,1
ID_SYN_1066,50.0,Bac+2,2.9,J1301,92572,1.0,0,Projet de reconversion à affiner. Besoin d'une formation complémentaire.,1
ID_SYN_1067,36.0,Bac,1.2,M1805,09748,0.0,0,"Candidat très dynamique, mobilité nationale validée. Projet clair.",0
ID_SYN_1068,46.0,Bac+2,9.6,C1201,49330,1.0,1,Cumul de difficultés. Pas de moyen de transport et garde d'enfants complexe.,2
ID_SYN_1069,30.0,Sans diplôme,3.7,D1502,67330,0.0,0,"Candidat très dynamique, mobilité nationale validée. Projet clair.",1
ID_SYN_1070,,Sans diplôme,5.8,N4101,53342,1.0,0,"Excellente présentation, compétences techniques à jour. Reprise rapide visée.",1
ID_SYN_1071,46.0,Bac,11.4,M1805,61849,0.0,1,"Excellente présentation, compétences techniques à jour. Reprise rapide visée.",0
ID_SYN_1072,43.0,Sans diplôme,2.7,K1601,37587,0.0,1,Problème ponctuel de mobilité géographique. Zone mal desservie.,2
ID_SYN_1073,24.0,Sans diplôme,18.1,N4101,52229,0.0,0,Cumul de difficultés. Pas de moyen de transport et garde d'enfants complexe.,2
ID_SYN_1074,20.0,Bac+2,17.5,D1502,94639,0.0,0,Problème ponctuel de mobilité géographique. Zone mal desservie.,1
ID_SYN_1075,,Bac+2,4.7,M1802,87840,1.0,0,Cumul de difficultés. Pas de moyen de transport et garde d'enfants complexe.,2
ID_SYN_1076,26.0,Bac+5,3.8,A1401,50465,0.0,0,Compétences à réactualiser sur les outils numériques. Motivation correcte.,0
ID_SYN_1077,18.0,Bac+5,6.3,A1203,02908,0.0,0,"Perte de confiance importante. Risque d'exclusion, barrière de la langue.",1
ID_SYN_1078,61.0,Sans diplôme,2.5,N1303,22895,0.0,0,Problème ponctuel de mobilité géographique. Zone mal desservie.,2
ID_SYN_1079,,Bac,6.3,K2111,52781,0.0,0,"Profil autonome, recherche active, aucun frein périphérique identifié.",0
ID_SYN_1080,58.0,Sans diplôme,1.2,M1802,42450,1.0,0,"Perte de confiance importante. Risque d'exclusion, barrière de la langue.",2
ID_SYN_1081,,Sans diplôme,2.6,A1301,09825,1.0,0,"Excellente présentation, compétences techniques à jour. Reprise rapide visée.",1
ID_SYN_1082,19.0,Bac,5.5,M1501,23473,1.0,1,Cumul de difficultés. Pas de moyen de transport et garde d'enfants complexe.,2
ID_SYN_1083,45.0,Sans diplôme,0.1,H1206,23980,1.0,0,Problème ponctuel de mobilité géographique. Zone mal desservie.,2
ID_SYN_1084,62.0,Bac+5,5.2,A1203,80761,1.0,0,"Excellente présentation, compétences techniques à jour. Reprise rapide visée.",0
ID_SYN_1085,37.0,Bac,0.2,D1503,03780,1.0,0,Compétences à réactualiser sur les outils numériques. Motivation correcte.,1
ID_SYN_1086,31.0,Bac+5,4.6,A1401,19029,1.0,0,Projet de reconversion à affiner. Besoin d'une formation complémentaire.,0
ID_SYN_1087,21.0,Bac,9.8,N4101,44082,0.0,0,Freins périphériques majeurs. Situation d'illettrisme numérique constatée.,2
ID_SYN_1088,60.0,Bac,2.1,M1802,38808,0.0,0,"Perte de confiance importante. Risque d'exclusion, barrière de la langue.",2
ID_SYN_1089,47.0,Bac,4.7,M1805,33550,0.0,0,Compétences à réactualiser sur les outils numériques. Motivation correcte.,1
ID_SYN_1090,45.0,Bac+2,0.8,K1304,83546,1.0,0,Problème ponctuel de mobilité géographique. Zone mal desservie.,1
ID_SYN_1091,,Bac+5,3.5,D1502,17457,0.0,0,Problème ponctuel de mobilité géographique. Zone mal desservie.,0
ID_SYN_1092,25.0,Bac+2,8.5,K1201,96025,1.0,0,Projet de reconversion à affiner. Besoin d'une formation complémentaire.,1
ID_SYN_1093,54.0,Sans diplôme,0.1,G1601,76552,1.0,0,"Candidat très dynamique, mobilité nationale validée. Projet clair.",1
ID_SYN_1094,34.0,Bac+2,3.6,J1301,50508,1.0,0,"Excellente présentation, compétences techniques à jour. Reprise rapide visée.",0
ID_SYN_1095,36.0,Bac,7.9,A1203,50993,1.0,0,Freins périphériques majeurs. Situation d'illettrisme numérique constatée.,2
ID_SYN_1096,26.0,Sans diplôme,4.9,N1303,24029,0.0,0,Cumul de difficultés. Pas de moyen de transport et garde d'enfants complexe.,2
ID_SYN_1097,23.0,Bac,3.8,H1206,18911,1.0,0,Projet de reconversion à affiner. Besoin d'une formation complémentaire.,1
ID_SYN_1098,20.0,Sans diplôme,3.4,K1903,54025,0.0,0,"Excellente présentation, compétences techniques à jour. Reprise rapide visée.",1
ID_SYN_1099,43.0,Bac+5,3.3,J1506,06089,1.0,0,Projet de reconversion à affiner. Besoin d'une formation complémentaire.,0
ID_SYN_1100,59.0,Sans diplôme,5.8,W1401,95666,0.0,0,"Candidat très dynamique, mobilité nationale validée. Projet clair.",1
ID_SYN_1101,30.0,Bac+2,1.2,K1201,97424,1.0,0,"Perte de confiance importante. Risque d'exclusion, barrière de la langue.",2
ID_SYN_1102,57.0,Bac,8.4,N1101,88251,1.0,0,Compétences à réactualiser sur les outils numériques. Motivation correcte.,2
ID_SYN_1103,19.0,Bac,5.5,A1202,16300,1.0,0,Problème ponctuel de mobilité géographique. Zone mal desservie.,1
ID_SYN_1104,32.0,Bac+2,2.4,K2106,25749,1.0,0,Projet de reconversion à affiner. Besoin d'une formation complémentaire.,1
ID_SYN_1105,43.0,Sans diplôme,1.1,M1805,51172,1.0,0,Cumul de difficultés. Pas de moyen de transport et garde d'enfants complexe.,2
ID_SYN_1106,35.0,Bac+2,8.5,M1801,76053,1.0,0,Projet de reconversion à affiner. Besoin d'une formation complémentaire.,1
ID_SYN_1107,55.0,Bac,12.5,N1101,41383,1.0,1,"Perte de confiance importante. Risque d'exclusion, barrière de la langue.",2
ID_SYN_1108,,Sans diplôme,4.3,K2106,55636,0.0,0,"Perte de confiance importante. Risque d'exclusion, barrière de la langue.",2
ID_SYN_1109,49.0,Bac+2,4.5,K1903,24853,1.0,0,"Profil autonome, recherche active, aucun frein périphérique identifié.",0
ID_SYN_1110,53.0,Sans diplôme,1.0,N4301,26150,0.0,0,Problème ponctuel de mobilité géographique. Zone mal desservie.,2
ID_SYN_1111,27.0,Bac+5,6.3,C1102,39420,1.0,0,Problème ponctuel de mobilité géographique. Zone mal desservie.,0
ID_SYN_1112,40.0,Sans diplôme,4.3,M1806,14213,0.0,0,Freins périphériques majeurs. Situation d'illettrisme numérique constatée.,2
ID_SYN_1113,,Bac,3.5,C1110,28665,1.0,0,Compétences à réactualiser sur les outils numériques. Motivation correcte.,1
ID_SYN_1114,45.0,Sans diplôme,1.7,K1601,45175,,0,Freins périphériques majeurs. Situation d'illettrisme numérique constatée.,2
ID_SYN_1115,54.0,Bac,2.0,H2502,88173,0.0,0,"Profil autonome, recherche active, aucun frein périphérique identifié.",0
ID_SYN_1116,63.0,Bac+2,4.2,K1403,92528,1.0,0,Compétences à réactualiser sur les outils numériques. Motivation correcte.,2
ID_SYN_1117,23.0,Bac+5,0.6,G1302,92654,0.0,0,Cumul de difficultés. Pas de moyen de transport et garde d'enfants complexe.,1
ID_SYN_1118,46.0,Bac,2.1,J1506,87537,1.0,0,Cumul de difficultés. Pas de moyen de transport et garde d'enfants complexe.,2
ID_SYN_1119,30.0,,3.7,A1301,97444,1.0,0,"Excellente présentation, compétences techniques à jour. Reprise rapide visée.",0
ID_SYN_1120,55.0,Bac,3.6,H1504,57087,1.0,0,Projet de reconversion à affiner. Besoin d'une formation complémentaire.,1
ID_SYN_1121,37.0,Bac+5,4.6,N1303,51444,1.0,0,Projet de reconversion à affiner. Besoin d'une formation complémentaire.,0
ID_SYN_1122,44.0,Sans diplôme,6.2,A1301,17759,1.0,0,Cumul de difficultés. Pas de moyen de transport et garde d'enfants complexe.,2
ID_SYN_1123,32.0,Sans diplôme,0.9,D1210,59495,,1,Freins périphériques majeurs. Situation d'illettrisme numérique constatée.,2
ID_SYN_1124,28.0,Bac,0.8,C1110,58002,0.0,0,Projet de reconversion à affiner. Besoin d'une formation complémentaire.,1
ID_SYN_1125,28.0,Sans diplôme,0.9,D1503,95263,0.0,0,"Candidat très dynamique, mobilité nationale validée. Projet clair.",1
ID_SYN_1126,60.0,Bac,6.6,M1801,96081,0.0,0,Cumul de difficultés. Pas de moyen de transport et garde d'enfants complexe.,2
ID_SYN_1127,20.0,Bac+5,5.9,M1802,45987,0.0,0,Projet de reconversion à affiner. Besoin d'une formation complémentaire.,0
ID_SYN_1128,42.0,Bac+2,3.7,K1201,31587,1.0,0,Cumul de difficultés. Pas de moyen de transport et garde d'enfants complexe.,2
ID_SYN_1129,46.0,Sans diplôme,2.0,N4101,16218,0.0,0,"Profil autonome, recherche active, aucun frein périphérique identifié.",1
ID_SYN_1130,60.0,Sans diplôme,8.7,A1401,78340,1.0,0,"Candidat très dynamique, mobilité nationale validée. Projet clair.",2
ID_SYN_1131,36.0,Bac+5,2.1,K2106,87998,0.0,0,Problème ponctuel de mobilité géographique. Zone mal desservie.,0
ID_SYN_1132,45.0,Bac,5.9,G1601,29692,1.0,0,Problème ponctuel de mobilité géographique. Zone mal desservie.,1
ID_SYN_1133,22.0,Bac,6.6,M1607,42961,0.0,0,Compétences à réactualiser sur les outils numériques. Motivation correcte.,1
ID_SYN_1134,42.0,,4.4,M1801,29272,,0,Freins périphériques majeurs. Situation d'illettrisme numérique constatée.,2
ID_SYN_1135,49.0,Bac+2,11.0,N1303,30500,,0,"Profil autonome, recherche active, aucun frein périphérique identifié.",0
ID_SYN_1136,35.0,Sans diplôme,1.7,G1602,87409,0.0,0,"Perte de confiance importante. Risque d'exclusion, barrière de la langue.",2
ID_SYN_1137,28.0,Sans diplôme,2.8,H1504,52296,1.0,0,Freins périphériques majeurs. Situation d'illettrisme numérique constatée.,2
ID_SYN_1138,42.0,Bac,0.7,J1301,13755,1.0,0,Cumul de difficultés. Pas de moyen de transport et garde d'enfants complexe.,2
ID_SYN_1139,27.0,Bac+2,9.0,K1403,86804,1.0,0,"Candidat très dynamique, mobilité nationale validée. Projet clair.",0
ID_SYN_1140,18.0,Sans diplôme,3.8,N4101,26644,0.0,0,"Profil autonome, recherche active, aucun frein périphérique identifié.",1
ID_SYN_1141,29.0,Sans diplôme,3.0,I1304,56982,1.0,0,Problème ponctuel de mobilité géographique. Zone mal desservie.,2
ID_SYN_1142,63.0,Sans diplôme,1.7,C1201,68559,1.0,0,Compétences à réactualiser sur les outils numériques. Motivation correcte.,2
ID_SYN_1143,37.0,Bac+2,2.4,C1201,32569,1.0,0,Compétences à réactualiser sur les outils numériques. Motivation correcte.,1
ID_SYN_1144,37.0,Bac,0.7,W1401,61774,0.0,0,Projet de reconversion à affiner. Besoin d'une formation complémentaire.,1
ID_SYN_1145,20.0,Bac+2,4.0,C1201,11831,1.0,0,Projet de reconversion à affiner. Besoin d'une formation complémentaire.,1
ID_SYN_1146,19.0,Bac+2,3.1,G1302,91928,0.0,0,Freins périphériques majeurs. Situation d'illettrisme numérique constatée.,2
ID_SYN_1147,55.0,Bac+5,1.5,G1602,75897,1.0,0,"Perte de confiance importante. Risque d'exclusion, barrière de la langue.",1
ID_SYN_1148,61.0,Bac,3.4,N1101,03588,1.0,0,"Perte de confiance importante. Risque d'exclusion, barrière de la langue.",2
ID_SYN_1149,39.0,Bac+5,1.9,N1301,86419,1.0,0,Cumul de difficultés. Pas de moyen de transport et garde d'enfants complexe.,1
ID_SYN_1150,34.0,Bac+2,3.2,A1202,73708,1.0,0,Problème ponctuel de mobilité géographique. Zone mal desservie.,1
ID_SYN_1151,33.0,Bac,5.4,M1203,34654,1.0,0,Projet de reconversion à affiner. Besoin d'une formation complémentaire.,1
ID_SYN_1152,44.0,Sans diplôme,9.2,D1210,56450,1.0,0,Cumul de difficultés. Pas de moyen de transport et garde d'enfants complexe.,2
ID_SYN_1153,41.0,Bac+2,1.5,M1805,71005,0.0,1,"Candidat très dynamique, mobilité nationale validée. Projet clair.",0
ID_SYN_1154,48.0,Bac+2,1.5,M1607,71544,1.0,1,"Excellente présentation, compétences techniques à jour. Reprise rapide visée.",0
ID_SYN_1155,25.0,Bac+2,2.0,G1602,29208,0.0,0,Problème ponctuel de mobilité géographique. Zone mal desservie.,1
ID_SYN_1156,29.0,Bac+2,1.1,A1501,73069,1.0,0,"Perte de confiance importante. Risque d'exclusion, barrière de la langue.",2
ID_SYN_1157,59.0,Bac,1.4,M1806,56750,1.0,0,"Candidat très dynamique, mobilité nationale validée. Projet clair.",1
ID_SYN_1158,51.0,Sans diplôme,2.4,N1301,49777,1.0,0,"Profil autonome, recherche active, aucun frein périphérique identifié.",1
ID_SYN_1159,55.0,Bac+2,7.1,K1201,50668,0.0,0,"Excellente présentation, compétences techniques à jour. Reprise rapide visée.",0
ID_SYN_1160,,Bac+2,0.0,J1506,09645,0.0,0,Cumul de difficultés. Pas de moyen de transport et garde d'enfants complexe.,2
ID_SYN_1161,61.0,Sans diplôme,5.6,G1302,02292,1.0,0,"Profil autonome, recherche active, aucun frein périphérique identifié.",2
ID_SYN_1162,25.0,,1.5,D1401,70006,,0,Projet de reconversion à affiner. Besoin d'une formation complémentaire.,1
ID_SYN_1163,27.0,Bac,1.3,M1203,36527,1.0,0,"Candidat très dynamique, mobilité nationale validée. Projet clair.",0
ID_SYN_1164,49.0,Bac+5,5.5,N4101,89842,1.0,0,"Excellente présentation, compétences techniques à jour. Reprise rapide visée.",0
ID_SYN_1165,55.0,Bac,8.4,G1203,02244,1.0,0,Problème ponctuel de mobilité géographique. Zone mal desservie.,1
ID_SYN_1166,63.0,Bac+2,3.1,A1401,96082,0.0,0,"Candidat très dynamique, mobilité nationale validée. Projet clair.",1
ID_SYN_1167,48.0,Bac,2.5,D1401,58535,1.0,0,Freins périphériques majeurs. Situation d'illettrisme numérique constatée.,2
ID_SYN_1168,59.0,Bac+5,1.1,G1602,84313,0.0,0,"Profil autonome, recherche active, aucun frein périphérique identifié.",0
ID_SYN_1169,42.0,Bac+5,0.6,A1501,96676,0.0,0,Projet de reconversion à affiner. Besoin d'une formation complémentaire.,0
ID_SYN_1170,29.0,Sans diplôme,4.2,A1202,56572,0.0,0,Freins périphériques majeurs. Situation d'illettrisme numérique constatée.,2
ID_SYN_1171,56.0,Bac+5,3.8,N1101,17343,1.0,0,Cumul de difficultés. Pas de moyen de transport et garde d'enfants complexe.,2
ID_SYN_1172,49.0,Bac+2,2.2,N4101,46227,1.0,0,Cumul de difficultés. Pas de moyen de transport et garde d'enfants complexe.,2
ID_SYN_1173,35.0,Bac+2,5.4,M1806,80848,1.0,0,Cumul de difficultés. Pas de moyen de transport et garde d'enfants complexe.,2
ID_SYN_1174,,Bac,0.5,D1401,10846,1.0,0,"Profil autonome, recherche active, aucun frein périphérique identifié.",0
ID_SYN_1175,52.0,Sans diplôme,2.1,H2502,15841,0.0,0,Problème ponctuel de mobilité géographique. Zone mal desservie.,2
ID_SYN_1176,42.0,Bac+2,3.4,G1602,64324,1.0,0,"Candidat très dynamique, mobilité nationale validée. Projet clair.",0
ID_SYN_1177,57.0,Sans diplôme,3.5,M1802,68571,1.0,0,"Candidat très dynamique, mobilité nationale validée. Projet clair.",2
ID_SYN_1178,43.0,Sans diplôme,0.7,A1202,81678,1.0,0,"Excellente présentation, compétences techniques à jour. Reprise rapide visée.",1
ID_SYN_1179,21.0,Bac,1.1,H1504,02161,0.0,0,"Perte de confiance importante. Risque d'exclusion, barrière de la langue.",2
ID_SYN_1180,45.0,Bac,5.9,K1903,01905,1.0,0,Projet de reconversion à affiner. Besoin d'une formation complémentaire.,1
ID_SYN_1181,20.0,Bac+2,1.5,D1401,71310,1.0,0,"Perte de confiance importante. Risque d'exclusion, barrière de la langue.",2
ID_SYN_1182,39.0,Sans diplôme,1.7,N4101,57880,1.0,0,"Excellente présentation, compétences techniques à jour. Reprise rapide visée.",1
ID_SYN_1183,,Bac+5,3.0,J1301,56188,0.0,0,Problème ponctuel de mobilité géographique. Zone mal desservie.,0
ID_SYN_1184,31.0,Bac+5,4.0,C1201,56193,0.0,0,"Candidat très dynamique, mobilité nationale validée. Projet clair.",0
ID_SYN_1185,27.0,Bac,1.4,K2101,96157,0.0,0,"Perte de confiance importante. Risque d'exclusion, barrière de la langue.",2
ID_SYN_1186,48.0,Bac+5,2.3,C1302,21387,0.0,0,Compétences à réactualiser sur les outils numériques. Motivation correcte.,0
ID_SYN_1187,22.0,Sans diplôme,4.3,M1607,97656,0.0,0,"Perte de confiance importante. Risque d'exclusion, barrière de la langue.",2
ID_SYN_1188,,Bac,1.0,N1303,68009,0.0,0,Problème ponctuel de mobilité géographique. Zone mal desservie.,1
ID_SYN_1189,56.0,Bac,8.4,D1406,63114,0.0,0,"Perte de confiance importante. Risque d'exclusion, barrière de la langue.",2
ID_SYN_1190,59.0,Bac+5,4.3,D1503,16789,1.0,0,Problème ponctuel de mobilité géographique. Zone mal desservie.,1
ID_SYN_1191,37.0,Sans diplôme,0.6,C1102,07678,1.0,0,"Profil autonome, recherche active, aucun frein périphérique identifié.",1
ID_SYN_1192,18.0,Bac,1.5,K1601,09041,,0,"Perte de confiance importante. Risque d'exclusion, barrière de la langue.",2
ID_SYN_1193,34.0,Bac+2,1.0,N1301,55797,0.0,0,"Excellente présentation, compétences techniques à jour. Reprise rapide visée.",0
ID_SYN_1194,40.0,Bac+5,1.3,D1502,38397,0.0,0,"Excellente présentation, compétences techniques à jour. Reprise rapide visée.",0
ID_SYN_1195,25.0,Bac+5,5.1,H1206,40892,0.0,1,"Excellente présentation, compétences techniques à jour. Reprise rapide visée.",0
ID_SYN_1196,35.0,Bac+2,6.1,N4101,48367,1.0,0,"Excellente présentation, compétences techniques à jour. Reprise rapide visée.",0
ID_SYN_1197,47.0,Bac+2,6.8,C1102,14941,0.0,0,"Perte de confiance importante. Risque d'exclusion, barrière de la langue.",2
ID_SYN_1198,38.0,Bac+2,2.0,D1406,93361,1.0,1,"Profil autonome, recherche active, aucun frein périphérique identifié.",0
ID_SYN_1199,34.0,Sans diplôme,3.4,N4301,27476,1.0,0,Freins périphériques majeurs. Situation d'illettrisme numérique constatée.,2
ID_SYN_1200,48.0,Sans diplôme,3.6,H1504,48973,1.0,0,Cumul de difficultés. Pas de moyen de transport et garde d'enfants complexe.,2
ID_SYN_1201,26.0,Bac+2,1.1,A1203,22880,0.0,0,Cumul de difficultés. Pas de moyen de transport et garde d'enfants complexe.,2
ID_SYN_1202,18.0,Bac+2,4.7,N4101,53100,0.0,0,"Profil autonome, recherche active, aucun frein périphérique identifié.",0
ID_SYN_1203,49.0,Bac,5.1,I1304,74727,0.0,0,Cumul de difficultés. Pas de moyen de transport et garde d'enfants complexe.,2
ID_SYN_1204,50.0,Bac,3.1,M1602,92320,0.0,0,"Profil autonome, recherche active, aucun frein périphérique identifié.",0
ID_SYN_1205,,Bac+5,3.0,G1602,29879,1.0,0,"Candidat très dynamique, mobilité nationale validée. Projet clair.",0
ID_SYN_1206,18.0,Bac,0.7,A1301,84835,0.0,0,"Candidat très dynamique, mobilité nationale validée. Projet clair.",0
ID_SYN_1207,56.0,Bac+5,4.1,D1502,71070,0.0,0,"Profil autonome, recherche active, aucun frein périphérique identifié.",0
ID_SYN_1208,34.0,Bac+2,3.5,G1203,95644,,0,Cumul de difficultés. Pas de moyen de transport et garde d'enfants complexe.,2
ID_SYN_1209,57.0,Bac+5,0.5,H1504,29741,,0,Compétences à réactualiser sur les outils numériques. Motivation correcte.,1
ID_SYN_1210,23.0,Bac,0.5,N1303,98749,0.0,0,Projet de reconversion à affiner. Besoin d'une formation complémentaire.,1
ID_SYN_1211,25.0,Bac+5,0.9,K1304,29919,1.0,0,"Profil autonome, recherche active, aucun frein périphérique identifié.",0
ID_SYN_1212,52.0,Sans diplôme,0.4,D1503,96657,1.0,0,Freins périphériques majeurs. Situation d'illettrisme numérique constatée.,2
ID_SYN_1213,19.0,Bac,1.5,D1401,25754,0.0,0,Problème ponctuel de mobilité géographique. Zone mal desservie.,1
ID_SYN_1214,36.0,Bac+5,7.0,J1301,91094,0.0,0,Problème ponctuel de mobilité géographique. Zone mal desservie.,0
ID_SYN_1215,55.0,Sans diplôme,9.5,C1110,95936,0.0,1,"Perte de confiance importante. Risque d'exclusion, barrière de la langue.",2
ID_SYN_1216,55.0,Bac+2,1.1,C1201,02776,1.0,0,Compétences à réactualiser sur les outils numériques. Motivation correcte.,1
ID_SYN_1217,30.0,Bac+2,5.9,M1801,79595,0.0,0,Problème ponctuel de mobilité géographique. Zone mal desservie.,1
ID_SYN_1218,,,0.2,N1301,12136,0.0,0,"Excellente présentation, compétences techniques à jour. Reprise rapide visée.",0
ID_SYN_1219,36.0,Bac,4.5,K1601,21252,1.0,0,"Excellente présentation, compétences techniques à jour. Reprise rapide visée.",0
ID_SYN_1220,52.0,Bac,1.9,C1110,72387,1.0,0,Compétences à réactualiser sur les outils numériques. Motivation correcte.,1
ID_SYN_1221,59.0,Bac,1.2,D1503,56985,0.0,1,Compétences à réactualiser sur les outils numériques. Motivation correcte.,1
ID_SYN_1222,57.0,Bac,3.7,K1903,23224,1.0,0,Projet de reconversion à affiner. Besoin d'une formation complémentaire.,2
ID_SYN_1223,21.0,Bac,2.9,C1201,48250,0.0,0,"Excellente présentation, compétences techniques à jour. Reprise rapide visée.",0
ID_SYN_1224,44.0,Bac+5,0.9,H1206,79592,1.0,0,Cumul de difficultés. Pas de moyen de transport et garde d'enfants complexe.,1
ID_SYN_1225,42.0,Bac,3.6,H1504,14621,1.0,0,"Candidat très dynamique, mobilité nationale validée. Projet clair.",0
ID_SYN_1226,20.0,Bac,2.3,A1202,20482,0.0,1,Projet de reconversion à affiner. Besoin d'une formation complémentaire.,1
ID_SYN_1227,43.0,Sans diplôme,0.4,A1501,15832,1.0,0,Freins périphériques majeurs. Situation d'illettrisme numérique constatée.,2
ID_SYN_1228,57.0,,5.5,W1401,51465,0.0,1,Problème ponctuel de mobilité géographique. Zone mal desservie.,1
ID_SYN_1229,44.0,Bac,3.2,C1302,86715,,0,"Excellente présentation, compétences techniques à jour. Reprise rapide visée.",0
ID_SYN_1230,32.0,Bac,6.5,D1503,51413,1.0,0,Cumul de difficultés. Pas de moyen de transport et garde d'enfants complexe.,2
ID_SYN_1231,51.0,Bac+2,2.5,N1101,12436,1.0,0,"Profil autonome, recherche active, aucun frein périphérique identifié.",0
ID_SYN_1232,37.0,Sans diplôme,1.2,C1201,08808,0.0,0,Problème ponctuel de mobilité géographique. Zone mal desservie.,2
ID_SYN_1233,18.0,Bac,6.1,C1501,73286,1.0,0,Freins périphériques majeurs. Situation d'illettrisme numérique constatée.,2
ID_SYN_1234,19.0,Bac+5,1.7,C1201,92197,1.0,0,Problème ponctuel de mobilité géographique. Zone mal desservie.,0
ID_SYN_1235,39.0,Bac,0.9,M1805,77232,,0,Projet de reconversion à affiner. Besoin d'une formation complémentaire.,1
ID_SYN_1236,50.0,Bac+5,3.7,F1603,11101,0.0,0,Projet de reconversion à affiner. Besoin d'une formation complémentaire.,0
ID_SYN_1237,,Bac+5,1.3,N4101,70133,1.0,0,Problème ponctuel de mobilité géographique. Zone mal desservie.,0
ID_SYN_1238,63.0,Bac,6.7,G1601,15583,0.0,0,Compétences à réactualiser sur les outils numériques. Motivation correcte.,1
ID_SYN_1239,23.0,Bac+5,10.2,J1301,56524,1.0,0,Compétences à réactualiser sur les outils numériques. Motivation correcte.,0
ID_SYN_1240,61.0,Bac+5,5.5,G1602,93976,1.0,1,Cumul de difficultés. Pas de moyen de transport et garde d'enfants complexe.,2
ID_SYN_1241,45.0,Bac+5,7.2,N4101,28769,0.0,0,Problème ponctuel de mobilité géographique. Zone mal desservie.,0
ID_SYN_1242,57.0,Sans diplôme,5.0,N1101,62398,1.0,1,Projet de reconversion à affiner. Besoin d'une formation complémentaire.,2
ID_SYN_1243,42.0,Bac+2,3.6,M1802,56603,1.0,0,"Excellente présentation, compétences techniques à jour. Reprise rapide visée.",0
ID_SYN_1244,25.0,Sans diplôme,4.1,F1603,37989,1.0,0,Compétences à réactualiser sur les outils numériques. Motivation correcte.,2
ID_SYN_1245,62.0,Sans diplôme,4.2,M1203,27440,0.0,1,"Profil autonome, recherche active, aucun frein périphérique identifié.",1
ID_SYN_1246,54.0,Sans diplôme,8.5,A1301,07297,,0,Freins périphériques majeurs. Situation d'illettrisme numérique constatée.,2
ID_SYN_1247,47.0,Bac+5,12.7,K2101,26543,1.0,0,"Perte de confiance importante. Risque d'exclusion, barrière de la langue.",1
ID_SYN_1248,56.0,Bac,3.5,J1506,98183,0.0,0,"Excellente présentation, compétences techniques à jour. Reprise rapide visée.",1
ID_SYN_1249,45.0,Bac,0.2,M1602,05903,0.0,0,Freins périphériques majeurs. Situation d'illettrisme numérique constatée.,2
ID_SYN_1250,42.0,Sans diplôme,1.2,D1502,90320,1.0,0,"Profil autonome, recherche active, aucun frein périphérique identifié.",1
ID_SYN_1251,39.0,Bac+2,4.4,W1401,45749,,0,Cumul de difficultés. Pas de moyen de transport et garde d'enfants complexe.,2
ID_SYN_1252,59.0,Sans diplôme,0.6,N1301,90505,1.0,1,Compétences à réactualiser sur les outils numériques. Motivation correcte.,2
ID_SYN_1253,38.0,Sans diplôme,2.2,C1110,02958,0.0,0,Freins périphériques majeurs. Situation d'illettrisme numérique constatée.,2
ID_SYN_1254,33.0,Bac+5,3.2,K1903,13335,,0,Projet de reconversion à affiner. Besoin d'une formation complémentaire.,0
ID_SYN_1255,34.0,Sans diplôme,0.9,C1102,10323,0.0,0,"Excellente présentation, compétences techniques à jour. Reprise rapide visée.",1
ID_SYN_1256,34.0,Bac+2,1.5,M1802,19408,1.0,0,Freins périphériques majeurs. Situation d'illettrisme numérique constatée.,2
ID_SYN_1257,62.0,,1.8,M1705,90205,1.0,0,"Perte de confiance importante. Risque d'exclusion, barrière de la langue.",2
ID_SYN_1258,32.0,Bac,4.4,K2101,59994,,0,"Perte de confiance importante. Risque d'exclusion, barrière de la langue.",2
ID_SYN_1259,44.0,Bac+5,1.4,N1101,74505,1.0,0,"Profil autonome, recherche active, aucun frein périphérique identifié.",0
ID_SYN_1260,,Bac+5,5.6,D1503,51885,0.0,0,Projet de reconversion à affiner. Besoin d'une formation complémentaire.,0
ID_SYN_1261,40.0,Bac+2,1.7,C1110,12248,1.0,0,Freins périphériques majeurs. Situation d'illettrisme numérique constatée.,2
ID_SYN_1262,37.0,Sans diplôme,2.9,H1206,09450,1.0,0,"Perte de confiance importante. Risque d'exclusion, barrière de la langue.",2
ID_SYN_1263,35.0,,4.3,K1403,06017,1.0,0,"Candidat très dynamique, mobilité nationale validée. Projet clair.",0
ID_SYN_1264,24.0,Bac+5,2.3,A1401,48381,0.0,0,"Perte de confiance importante. Risque d'exclusion, barrière de la langue.",1
ID_SYN_1265,32.0,,4.6,G1302,34039,0.0,0,"Perte de confiance importante. Risque d'exclusion, barrière de la langue.",2
ID_SYN_1266,34.0,Sans diplôme,3.2,J1506,69783,1.0,0,Freins périphériques majeurs. Situation d'illettrisme numérique constatée.,2
ID_SYN_1267,37.0,Bac+5,6.7,H1206,39915,0.0,0,"Perte de confiance importante. Risque d'exclusion, barrière de la langue.",1
ID_SYN_1268,34.0,Bac,8.9,N1101,58250,1.0,0,Problème ponctuel de mobilité géographique. Zone mal desservie.,1
ID_SYN_1269,31.0,Bac+2,2.0,A1501,95728,0.0,0,"Profil autonome, recherche active, aucun frein périphérique identifié.",0
ID_SYN_1270,32.0,Bac+2,0.7,A1202,20727,,1,"Excellente présentation, compétences techniques à jour. Reprise rapide visée.",0
ID_SYN_1271,45.0,Bac+5,1.9,G1203,69248,0.0,0,"Perte de confiance importante. Risque d'exclusion, barrière de la langue.",1
ID_SYN_1272,21.0,,0.7,A1301,29655,1.0,0,Projet de reconversion à affiner. Besoin d'une formation complémentaire.,1
ID_SYN_1273,48.0,Sans diplôme,2.1,H1504,28494,1.0,0,"Profil autonome, recherche active, aucun frein périphérique identifié.",1
ID_SYN_1274,25.0,,2.8,G1602,41234,0.0,0,Compétences à réactualiser sur les outils numériques. Motivation correcte.,1
ID_SYN_1275,25.0,Bac+5,2.7,H1504,47165,1.0,0,"Perte de confiance importante. Risque d'exclusion, barrière de la langue.",1
ID_SYN_1276,33.0,Bac,1.5,K1201,49905,0.0,1,Freins périphériques majeurs. Situation d'illettrisme numérique constatée.,2
ID_SYN_1277,27.0,Bac+2,2.3,M1801,38125,1.0,0,"Perte de confiance importante. Risque d'exclusion, barrière de la langue.",2
ID_SYN_1278,56.0,Bac+5,2.6,C1102,86147,0.0,0,Projet de reconversion à affiner. Besoin d'une formation complémentaire.,1
ID_SYN_1279,,Bac+5,3.6,C1110,84037,1.0,0,Cumul de difficultés. Pas de moyen de transport et garde d'enfants complexe.,1
ID_SYN_1280,63.0,Bac+2,5.1,W1401,60589,0.0,0,"Profil autonome, recherche active, aucun frein périphérique identifié.",1
ID_SYN_1281,46.0,Sans diplôme,2.4,J1506,85523,,0,Freins périphériques majeurs. Situation d'illettrisme numérique constatée.,2
ID_SYN_1282,57.0,Bac+2,13.3,G1302,87334,1.0,0,"Candidat très dynamique, mobilité nationale validée. Projet clair.",1
ID_SYN_1283,27.0,Bac+5,0.3,A1301,03035,1.0,0,"Perte de confiance importante. Risque d'exclusion, barrière de la langue.",1
ID_SYN_1284,,Bac+5,5.1,H1206,23336,1.0,0,"Excellente présentation, compétences techniques à jour. Reprise rapide visée.",0
ID_SYN_1285,60.0,,8.4,A1401,76740,,0,"Perte de confiance importante. Risque d'exclusion, barrière de la langue.",2
ID_SYN_1286,39.0,Bac+5,1.4,K2106,21767,1.0,0,"Excellente présentation, compétences techniques à jour. Reprise rapide visée.",0
ID_SYN_1287,52.0,Sans diplôme,2.5,N4301,83223,1.0,0,"Perte de confiance importante. Risque d'exclusion, barrière de la langue.",2
ID_SYN_1288,28.0,Bac+5,4.5,K1201,02512,0.0,0,Compétences à réactualiser sur les outils numériques. Motivation correcte.,0
ID_SYN_1289,59.0,Bac+2,3.0,M1501,51122,1.0,1,Projet de reconversion à affiner. Besoin d'une formation complémentaire.,2
ID_SYN_1290,,Bac+2,2.0,F1603,86527,1.0,0,Problème ponctuel de mobilité géographique. Zone mal desservie.,1
ID_SYN_1291,58.0,Bac,2.3,W1401,35141,0.0,0,"Perte de confiance importante. Risque d'exclusion, barrière de la langue.",2
ID_SYN_1292,40.0,Bac,5.9,C1201,61178,1.0,0,Projet de reconversion à affiner. Besoin d'une formation complémentaire.,1
ID_SYN_1293,45.0,Sans diplôme,3.3,K1903,48369,0.0,0,Projet de reconversion à affiner. Besoin d'une formation complémentaire.,2
ID_SYN_1294,27.0,Sans diplôme,0.9,M1801,11002,1.0,0,Freins périphériques majeurs. Situation d'illettrisme numérique constatée.,2
ID_SYN_1295,63.0,Bac,1.2,D1401,40158,1.0,0,Problème ponctuel de mobilité géographique. Zone mal desservie.,2
ID_SYN_1296,,Sans diplôme,2.3,H1504,64427,1.0,0,"Excellente présentation, compétences techniques à jour. Reprise rapide visée.",1
ID_SYN_1297,51.0,Bac+2,21.4,D1406,80444,1.0,0,Projet de reconversion à affiner. Besoin d'une formation complémentaire.,1
ID_SYN_1298,,Sans diplôme,2.6,D1502,04866,0.0,0,Projet de reconversion à affiner. Besoin d'une formation complémentaire.,2
ID_SYN_1299,19.0,Sans diplôme,2.5,D1406,13054,1.0,0,Freins périphériques majeurs. Situation d'illettrisme numérique constatée.,2
ID_SYN_1300,28.0,Bac+2,5.0,J1301,26304,1.0,0,Cumul de difficultés. Pas de moyen de transport et garde d'enfants complexe.,2
ID_SYN_1301,35.0,Sans diplôme,4.0,M1602,78015,1.0,1,Projet de reconversion à affiner. Besoin d'une formation complémentaire.,2
ID_SYN_1302,61.0,Bac+5,4.8,M1607,98921,1.0,0,"Perte de confiance importante. Risque d'exclusion, barrière de la langue.",2
ID_SYN_1303,59.0,Bac,8.4,H2502,83929,1.0,0,"Excellente présentation, compétences techniques à jour. Reprise rapide visée.",1
ID_SYN_1304,44.0,Bac,0.9,G1601,80152,,0,"Perte de confiance importante. Risque d'exclusion, barrière de la langue.",2
ID_SYN_1305,63.0,Bac+2,5.8,G1801,57280,1.0,0,Problème ponctuel de mobilité géographique. Zone mal desservie.,2
ID_SYN_1306,29.0,Bac,0.8,C1201,02262,1.0,0,"Excellente présentation, compétences techniques à jour. Reprise rapide visée.",0
ID_SYN_1307,34.0,Sans diplôme,2.1,M1203,09681,1.0,0,"Profil autonome, recherche active, aucun frein périphérique identifié.",1
ID_SYN_1308,38.0,Bac+2,0.5,M1501,85707,0.0,0,Projet de reconversion à affiner. Besoin d'une formation complémentaire.,1
ID_SYN_1309,31.0,Bac+2,5.5,K1903,07133,0.0,0,Freins périphériques majeurs. Situation d'illettrisme numérique constatée.,2
ID_SYN_1310,62.0,Bac,3.8,F1603,76551,0.0,0,"Perte de confiance importante. Risque d'exclusion, barrière de la langue.",2
ID_SYN_1311,,Sans diplôme,4.3,G1601,18178,1.0,0,Freins périphériques majeurs. Situation d'illettrisme numérique constatée.,2
ID_SYN_1312,63.0,Bac,0.5,A1501,62589,1.0,0,Compétences à réactualiser sur les outils numériques. Motivation correcte.,2
ID_SYN_1313,54.0,Bac+5,3.5,C1102,73935,0.0,0,"Perte de confiance importante. Risque d'exclusion, barrière de la langue.",1
ID_SYN_1314,46.0,Bac,1.8,M1802,16913,0.0,1,Freins périphériques majeurs. Situation d'illettrisme numérique constatée.,2
ID_SYN_1315,39.0,Bac+5,1.4,C1110,43317,0.0,0,Problème ponctuel de mobilité géographique. Zone mal desservie.,0
ID_SYN_1316,35.0,Bac+2,8.8,K2111,01647,0.0,0,"Excellente présentation, compétences techniques à jour. Reprise rapide visée.",0
ID_SYN_1317,46.0,Bac+5,1.2,A1501,35567,1.0,0,"Candidat très dynamique, mobilité nationale validée. Projet clair.",0
ID_SYN_1318,53.0,Bac+2,5.5,M1602,61384,0.0,0,Problème ponctuel de mobilité géographique. Zone mal desservie.,1
ID_SYN_1319,37.0,Bac,3.7,M1801,59560,1.0,0,"Perte de confiance importante. Risque d'exclusion, barrière de la langue.",2
ID_SYN_1320,21.0,Bac,4.1,G1801,96795,1.0,0,"Candidat très dynamique, mobilité nationale validée. Projet clair.",0
ID_SYN_1321,21.0,Sans diplôme,11.8,M1805,85821,1.0,0,"Profil autonome, recherche active, aucun frein périphérique identifié.",1
ID_SYN_1322,51.0,Sans diplôme,2.7,M1805,29329,,0,Compétences à réactualiser sur les outils numériques. Motivation correcte.,2
ID_SYN_1323,21.0,Bac,1.8,K2101,42072,0.0,0,Cumul de difficultés. Pas de moyen de transport et garde d'enfants complexe.,2
ID_SYN_1324,47.0,Bac,7.1,D1503,48663,0.0,0,Problème ponctuel de mobilité géographique. Zone mal desservie.,1
ID_SYN_1325,48.0,Bac,1.4,G1302,56455,0.0,0,Projet de reconversion à affiner. Besoin d'une formation complémentaire.,1
ID_SYN_1326,49.0,Bac,0.6,N4101,15444,1.0,0,Projet de reconversion à affiner. Besoin d'une formation complémentaire.,1
ID_SYN_1327,41.0,Bac+5,9.8,H1504,35809,0.0,0,Freins périphériques majeurs. Situation d'illettrisme numérique constatée.,1
ID_SYN_1328,33.0,Bac+2,2.5,K2101,44743,0.0,0,"Perte de confiance importante. Risque d'exclusion, barrière de la langue.",2
ID_SYN_1329,41.0,Bac,2.9,D1406,39535,1.0,0,"Perte de confiance importante. Risque d'exclusion, barrière de la langue.",2
ID_SYN_1330,38.0,Sans diplôme,1.0,M1806,07536,1.0,0,Projet de reconversion à affiner. Besoin d'une formation complémentaire.,2
ID_SYN_1331,19.0,,1.4,F1603,09630,0.0,0,"Candidat très dynamique, mobilité nationale validée. Projet clair.",0
ID_SYN_1332,21.0,Bac,1.8,C1110,29821,1.0,0,"Perte de confiance importante. Risque d'exclusion, barrière de la langue.",2
ID_SYN_1333,19.0,Bac+5,5.6,M1801,38747,0.0,0,"Excellente présentation, compétences techniques à jour. Reprise rapide visée.",0
ID_SYN_1334,19.0,Bac,19.2,N4101,41019,0.0,1,Freins périphériques majeurs. Situation d'illettrisme numérique constatée.,2
ID_SYN_1335,27.0,Bac+2,10.2,K1403,19590,1.0,0,"Excellente présentation, compétences techniques à jour. Reprise rapide visée.",0
ID_SYN_1336,57.0,Bac+2,6.8,D1210,90024,0.0,1,Projet de reconversion à affiner. Besoin d'une formation complémentaire.,1
ID_SYN_1337,54.0,Sans diplôme,0.7,K1601,15337,1.0,0,"Profil autonome, recherche active, aucun frein périphérique identifié.",1
ID_SYN_1338,,Sans diplôme,6.4,D1210,20212,0.0,0,Cumul de difficultés. Pas de moyen de transport et garde d'enfants complexe.,2
ID_SYN_1339,58.0,Sans diplôme,3.7,K2111,34730,0.0,0,"Excellente présentation, compétences techniques à jour. Reprise rapide visée.",1
ID_SYN_1340,49.0,Bac,5.2,K2106,88023,1.0,0,"Excellente présentation, compétences techniques à jour. Reprise rapide visée.",0
ID_SYN_1341,29.0,Bac+5,2.7,C1501,54781,0.0,0,Compétences à réactualiser sur les outils numériques. Motivation correcte.,0
ID_SYN_1342,27.0,Bac+2,2.4,H2502,28041,1.0,0,"Perte de confiance importante. Risque d'exclusion, barrière de la langue.",2
ID_SYN_1343,19.0,Sans diplôme,2.1,K1304,70062,1.0,1,Cumul de difficultés. Pas de moyen de transport et garde d'enfants complexe.,2
ID_SYN_1344,53.0,Bac+5,1.6,G1602,25978,0.0,0,"Candidat très dynamique, mobilité nationale validée. Projet clair.",0
ID_SYN_1345,,Bac,1.1,M1501,46481,1.0,0,Freins périphériques majeurs. Situation d'illettrisme numérique constatée.,2
ID_SYN_1346,32.0,,3.3,K2106,38982,1.0,0,Problème ponctuel de mobilité géographique. Zone mal desservie.,1
ID_SYN_1347,41.0,Bac+2,5.8,K1403,06367,0.0,0,Compétences à réactualiser sur les outils numériques. Motivation correcte.,1
ID_SYN_1348,63.0,Bac+5,3.3,M1805,01084,1.0,0,"Excellente présentation, compétences techniques à jour. Reprise rapide visée.",0
ID_SYN_1349,,Sans diplôme,1.2,C1501,12272,1.0,0,Cumul de difficultés. Pas de moyen de transport et garde d'enfants complexe.,2
ID_SYN_1350,23.0,Sans diplôme,1.0,D1503,05212,1.0,1,"Candidat très dynamique, mobilité nationale validée. Projet clair.",1
ID_SYN_1351,33.0,Bac,0.4,G1203,40586,1.0,0,Projet de reconversion à affiner. Besoin d'une formation complémentaire.,1
ID_SYN_1352,37.0,Sans diplôme,5.6,M1806,27149,1.0,0,Problème ponctuel de mobilité géographique. Zone mal desservie.,2
ID_SYN_1353,20.0,Bac,5.4,K2111,25034,0.0,0,Freins périphériques majeurs. Situation d'illettrisme numérique constatée.,2
ID_SYN_1354,22.0,Bac+5,1.2,K2101,90805,0.0,0,"Excellente présentation, compétences techniques à jour. Reprise rapide visée.",0
ID_SYN_1355,57.0,Bac,2.4,M1203,04463,1.0,0,Compétences à réactualiser sur les outils numériques. Motivation correcte.,2
ID_SYN_1356,29.0,Bac,0.9,M1602,68135,1.0,0,"Profil autonome, recherche active, aucun frein périphérique identifié.",0
ID_SYN_1357,62.0,Bac+2,3.3,C1302,53814,1.0,0,"Perte de confiance importante. Risque d'exclusion, barrière de la langue.",2
ID_SYN_1358,61.0,Bac,2.2,A1401,36412,1.0,0,Projet de reconversion à affiner. Besoin d'une formation complémentaire.,2
ID_SYN_1359,62.0,Bac+2,3.6,N1101,44425,0.0,0,Freins périphériques majeurs. Situation d'illettrisme numérique constatée.,2
ID_SYN_1360,31.0,Sans diplôme,5.2,K2106,19894,1.0,0,"Profil autonome, recherche active, aucun frein périphérique identifié.",1
ID_SYN_1361,50.0,,0.8,G1602,83344,1.0,0,Problème ponctuel de mobilité géographique. Zone mal desservie.,1
ID_SYN_1362,49.0,,21.5,A1501,01004,1.0,0,Projet de reconversion à affiner. Besoin d'une formation complémentaire.,1
ID_SYN_1363,52.0,Bac+5,3.1,K2101,59171,0.0,0,Compétences à réactualiser sur les outils numériques. Motivation correcte.,0
ID_SYN_1364,48.0,Bac+5,5.8,K2111,35114,1.0,0,"Profil autonome, recherche active, aucun frein périphérique identifié.",0
ID_SYN_1365,62.0,Bac+2,1.8,D1401,19571,1.0,0,Compétences à réactualiser sur les outils numériques. Motivation correcte.,2
ID_SYN_1366,49.0,Bac+2,0.1,K1601,39015,1.0,0,Freins périphériques majeurs. Situation d'illettrisme numérique constatée.,2
ID_SYN_1367,41.0,Sans diplôme,1.2,N1101,15068,1.0,0,"Perte de confiance importante. Risque d'exclusion, barrière de la langue.",2
ID_SYN_1368,37.0,Bac+5,2.4,A1202,77092,0.0,0,"Perte de confiance importante. Risque d'exclusion, barrière de la langue.",1
ID_SYN_1369,18.0,Bac+2,2.2,C1302,62329,1.0,0,"Excellente présentation, compétences techniques à jour. Reprise rapide visée.",0
ID_SYN_1370,19.0,Bac,18.2,D1502,46722,0.0,0,Cumul de difficultés. Pas de moyen de transport et garde d'enfants complexe.,2
ID_SYN_1371,46.0,Bac,1.0,K1403,94740,0.0,0,"Excellente présentation, compétences techniques à jour. Reprise rapide visée.",0
ID_SYN_1372,22.0,Sans diplôme,8.0,M1802,64405,1.0,1,Projet de reconversion à affiner. Besoin d'une formation complémentaire.,2
ID_SYN_1373,29.0,Bac,0.4,G1203,17963,1.0,1,Cumul de difficultés. Pas de moyen de transport et garde d'enfants complexe.,2
ID_SYN_1374,36.0,Bac+2,4.1,A1301,04869,1.0,0,Projet de reconversion à affiner. Besoin d'une formation complémentaire.,1
ID_SYN_1375,62.0,Sans diplôme,4.8,G1801,31347,0.0,1,Freins périphériques majeurs. Situation d'illettrisme numérique constatée.,2
ID_SYN_1376,45.0,Bac+5,6.5,N1303,51342,0.0,0,Problème ponctuel de mobilité géographique. Zone mal desservie.,0
ID_SYN_1377,62.0,Bac,2.0,K1304,50063,1.0,0,Projet de reconversion à affiner. Besoin d'une formation complémentaire.,2
ID_SYN_1378,59.0,Bac+5,4.0,C1302,84544,0.0,0,"Perte de confiance importante. Risque d'exclusion, barrière de la langue.",1
ID_SYN_1379,43.0,Sans diplôme,0.9,N4101,22245,1.0,0,"Profil autonome, recherche active, aucun frein périphérique identifié.",1
ID_SYN_1380,36.0,Bac,1.0,D1502,05356,0.0,0,Projet de reconversion à affiner. Besoin d'une formation complémentaire.,1
ID_SYN_1381,29.0,Bac+5,1.3,H1206,25288,1.0,0,Projet de reconversion à affiner. Besoin d'une formation complémentaire.,0
ID_SYN_1382,59.0,,2.7,M1501,63093,1.0,0,"Profil autonome, recherche active, aucun frein périphérique identifié.",1
ID_SYN_1383,55.0,Bac,0.3,K1201,82981,1.0,0,Freins périphériques majeurs. Situation d'illettrisme numérique constatée.,2
ID_SYN_1384,55.0,Sans diplôme,3.3,K1903,31221,1.0,0,Projet de reconversion à affiner. Besoin d'une formation complémentaire.,2
ID_SYN_1385,45.0,Bac,8.9,I1304,93179,1.0,0,"Candidat très dynamique, mobilité nationale validée. Projet clair.",0
ID_SYN_1386,28.0,Bac+5,4.5,K2106,81117,0.0,0,"Profil autonome, recherche active, aucun frein périphérique identifié.",0
ID_SYN_1387,21.0,Bac,4.5,G1203,86620,1.0,0,Freins périphériques majeurs. Situation d'illettrisme numérique constatée.,2
ID_SYN_1388,,Bac,1.1,D1502,72707,0.0,0,Problème ponctuel de mobilité géographique. Zone mal desservie.,1
ID_SYN_1389,54.0,Bac,0.9,A1501,74905,1.0,0,Freins périphériques majeurs. Situation d'illettrisme numérique constatée.,2
ID_SYN_1390,28.0,Bac+2,7.1,M1607,97900,0.0,1,"Perte de confiance importante. Risque d'exclusion, barrière de la langue.",2
ID_SYN_1391,24.0,Sans diplôme,0.8,C1110,05666,1.0,0,Compétences à réactualiser sur les outils numériques. Motivation correcte.,2
ID_SYN_1392,40.0,Bac,5.2,A1203,08255,1.0,0,"Profil autonome, recherche active, aucun frein périphérique identifié.",0
ID_SYN_1393,,Bac+5,0.3,M1203,64199,1.0,0,Compétences à réactualiser sur les outils numériques. Motivation correcte.,0
ID_SYN_1394,36.0,Bac+2,2.8,C1201,58403,1.0,0,Problème ponctuel de mobilité géographique. Zone mal desservie.,1
ID_SYN_1395,63.0,Bac+2,1.4,F1603,31413,1.0,0,Compétences à réactualiser sur les outils numériques. Motivation correcte.,2
ID_SYN_1396,46.0,Sans diplôme,2.5,M1501,07000,1.0,0,Cumul de difficultés. Pas de moyen de transport et garde d'enfants complexe.,2
ID_SYN_1397,55.0,Sans diplôme,6.3,K1304,24670,1.0,0,Problème ponctuel de mobilité géographique. Zone mal desservie.,2
ID_SYN_1398,55.0,Bac,0.8,M1607,53142,1.0,1,Problème ponctuel de mobilité géographique. Zone mal desservie.,1
ID_SYN_1399,58.0,Sans diplôme,1.6,N1301,97366,0.0,0,Freins périphériques majeurs. Situation d'illettrisme numérique constatée.,2
ID_SYN_1400,55.0,Bac+5,1.3,W1401,73273,1.0,0,"Excellente présentation, compétences techniques à jour. Reprise rapide visée.",0
ID_SYN_1401,50.0,Bac+2,2.1,C1110,08077,0.0,0,Cumul de difficultés. Pas de moyen de transport et garde d'enfants complexe.,2
ID_SYN_1402,34.0,Bac,1.0,K2106,31216,1.0,0,Problème ponctuel de mobilité géographique. Zone mal desservie.,1
ID_SYN_1403,43.0,Bac+2,1.3,F1603,92533,1.0,0,Compétences à réactualiser sur les outils numériques. Motivation correcte.,1
ID_SYN_1404,41.0,Bac+2,2.2,G1302,78101,0.0,0,"Candidat très dynamique, mobilité nationale validée. Projet clair.",0
ID_SYN_1405,60.0,Bac+5,5.5,A1203,51146,0.0,0,Freins périphériques majeurs. Situation d'illettrisme numérique constatée.,1
ID_SYN_1406,46.0,Sans diplôme,3.1,M1805,40996,0.0,0,Compétences à réactualiser sur les outils numériques. Motivation correcte.,2
ID_SYN_1407,,Bac+2,1.3,G1203,78458,1.0,0,"Excellente présentation, compétences techniques à jour. Reprise rapide visée.",0
ID_SYN_1408,43.0,Sans diplôme,3.2,C1110,73521,1.0,0,Compétences à réactualiser sur les outils numériques. Motivation correcte.,2
ID_SYN_1409,58.0,Bac+2,13.0,K1201,76052,1.0,1,Freins périphériques majeurs. Situation d'illettrisme numérique constatée.,2
ID_SYN_1410,35.0,Bac+2,1.9,C1302,02990,,0,"Profil autonome, recherche active, aucun frein périphérique identifié.",0
ID_SYN_1411,24.0,Bac+2,6.8,H1206,75852,,0,"Candidat très dynamique, mobilité nationale validée. Projet clair.",0
ID_SYN_1412,23.0,Bac+2,4.0,C1201,41225,1.0,0,Compétences à réactualiser sur les outils numériques. Motivation correcte.,1
ID_SYN_1413,54.0,Bac,0.0,A1202,62137,0.0,0,Freins périphériques majeurs. Situation d'illettrisme numérique constatée.,2
ID_SYN_1414,,Bac,7.8,G1302,80996,1.0,0,Projet de reconversion à affiner. Besoin d'une formation complémentaire.,1
ID_SYN_1415,44.0,,2.6,K1903,17675,0.0,0,"Candidat très dynamique, mobilité nationale validée. Projet clair.",0
ID_SYN_1416,38.0,Sans diplôme,0.2,D1401,90711,1.0,0,Compétences à réactualiser sur les outils numériques. Motivation correcte.,2
ID_SYN_1417,56.0,Bac,5.5,G1203,03112,1.0,0,"Candidat très dynamique, mobilité nationale validée. Projet clair.",1
ID_SYN_1418,35.0,Bac+5,5.4,C1110,11155,1.0,0,"Excellente présentation, compétences techniques à jour. Reprise rapide visée.",0
ID_SYN_1419,54.0,Sans diplôme,3.3,A1501,85133,0.0,0,"Perte de confiance importante. Risque d'exclusion, barrière de la langue.",2
ID_SYN_1420,61.0,Bac,3.7,M1802,50114,1.0,0,"Perte de confiance importante. Risque d'exclusion, barrière de la langue.",2
ID_SYN_1421,46.0,,7.0,M1602,04346,0.0,0,Problème ponctuel de mobilité géographique. Zone mal desservie.,1
ID_SYN_1422,19.0,Sans diplôme,4.0,D1502,50655,1.0,0,"Excellente présentation, compétences techniques à jour. Reprise rapide visée.",1
ID_SYN_1423,38.0,Sans diplôme,6.5,A1501,30436,1.0,1,Projet de reconversion à affiner. Besoin d'une formation complémentaire.,2
ID_SYN_1424,33.0,,2.5,K2106,07741,1.0,0,Projet de reconversion à affiner. Besoin d'une formation complémentaire.,1
ID_SYN_1425,26.0,Bac+2,3.1,F1603,44081,0.0,0,"Candidat très dynamique, mobilité nationale validée. Projet clair.",0
ID_SYN_1426,39.0,Bac+2,3.2,N1101,32594,1.0,0,Projet de reconversion à affiner. Besoin d'une formation complémentaire.,1
ID_SYN_1427,49.0,,1.5,H2502,86633,0.0,0,Projet de reconversion à affiner. Besoin d'une formation complémentaire.,1
ID_SYN_1428,56.0,Bac,8.1,K2111,33105,0.0,0,Problème ponctuel de mobilité géographique. Zone mal desservie.,1
ID_SYN_1429,20.0,Bac,0.5,H1206,42136,0.0,0,"Candidat très dynamique, mobilité nationale validée. Projet clair.",0
ID_SYN_1430,45.0,Bac,4.4,D1401,60515,0.0,0,"Profil autonome, recherche active, aucun frein périphérique identifié.",0
ID_SYN_1431,,Sans diplôme,0.5,C1302,05466,1.0,1,Projet de reconversion à affiner. Besoin d'une formation complémentaire.,2
ID_SYN_1432,36.0,Sans diplôme,2.0,I1304,56359,0.0,0,Cumul de difficultés. Pas de moyen de transport et garde d'enfants complexe.,2
ID_SYN_1433,21.0,Bac,4.5,M1602,80791,1.0,0,"Excellente présentation, compétences techniques à jour. Reprise rapide visée.",0
ID_SYN_1434,20.0,,3.1,J1506,83684,1.0,0,Freins périphériques majeurs. Situation d'illettrisme numérique constatée.,2
ID_SYN_1435,26.0,Bac+5,1.3,N1303,78274,1.0,0,Problème ponctuel de mobilité géographique. Zone mal desservie.,0
ID_SYN_1436,30.0,Bac+5,4.6,M1806,86118,1.0,0,"Excellente présentation, compétences techniques à jour. Reprise rapide visée.",0
ID_SYN_1437,54.0,Bac,4.3,D1503,39974,1.0,0,Projet de reconversion à affiner. Besoin d'une formation complémentaire.,1
ID_SYN_1438,27.0,Sans diplôme,1.8,G1601,43310,1.0,0,"Perte de confiance importante. Risque d'exclusion, barrière de la langue.",2
ID_SYN_1439,34.0,Bac+2,2.3,K1201,69044,0.0,1,"Profil autonome, recherche active, aucun frein périphérique identifié.",0
ID_SYN_1440,63.0,Bac+5,0.4,G1302,64784,0.0,0,"Candidat très dynamique, mobilité nationale validée. Projet clair.",0
ID_SYN_1441,60.0,Bac+5,3.1,D1503,88350,1.0,1,Projet de reconversion à affiner. Besoin d'une formation complémentaire.,1
ID_SYN_1442,22.0,Sans diplôme,6.0,K2111,71505,1.0,0,Compétences à réactualiser sur les outils numériques. Motivation correcte.,2
ID_SYN_1443,45.0,Sans diplôme,0.1,N1303,59304,0.0,0,"Perte de confiance importante. Risque d'exclusion, barrière de la langue.",2
ID_SYN_1444,44.0,Bac+5,1.8,K1304,57657,0.0,0,Projet de reconversion à affiner. Besoin d'une formation complémentaire.,0
ID_SYN_1445,45.0,Sans diplôme,8.1,C1102,98553,0.0,0,"Excellente présentation, compétences techniques à jour. Reprise rapide visée.",1
ID_SYN_1446,63.0,Bac+2,2.9,M1806,10710,1.0,0,Cumul de difficultés. Pas de moyen de transport et garde d'enfants complexe.,2
ID_SYN_1447,56.0,Bac,4.2,G1801,25955,1.0,1,Cumul de difficultés. Pas de moyen de transport et garde d'enfants complexe.,2
ID_SYN_1448,30.0,Bac+2,0.7,F1603,18940,0.0,0,Compétences à réactualiser sur les outils numériques. Motivation correcte.,1
ID_SYN_1449,62.0,Bac+5,4.2,D1401,97149,0.0,0,Freins périphériques majeurs. Situation d'illettrisme numérique constatée.,1
ID_SYN_1450,29.0,Sans diplôme,2.4,A1202,57927,0.0,0,"Profil autonome, recherche active, aucun frein périphérique identifié.",1
ID_SYN_1451,28.0,Bac+2,2.0,M1705,50845,0.0,0,"Candidat très dynamique, mobilité nationale validée. Projet clair.",0
ID_SYN_1452,56.0,Bac,4.2,D1503,39288,1.0,1,"Candidat très dynamique, mobilité nationale validée. Projet clair.",1
ID_SYN_1453,61.0,Bac,2.0,C1110,29695,1.0,0,"Candidat très dynamique, mobilité nationale validée. Projet clair.",1
ID_SYN_1454,18.0,Bac+5,3.7,F1603,87824,0.0,1,"Excellente présentation, compétences techniques à jour. Reprise rapide visée.",0
ID_SYN_1455,36.0,Sans diplôme,2.6,N1301,17784,1.0,0,"Perte de confiance importante. Risque d'exclusion, barrière de la langue.",2
ID_SYN_1456,45.0,Bac,9.5,A1203,39132,1.0,0,"Profil autonome, recherche active, aucun frein périphérique identifié.",0
ID_SYN_1457,54.0,Sans diplôme,0.3,G1203,89472,1.0,0,"Excellente présentation, compétences techniques à jour. Reprise rapide visée.",1
ID_SYN_1458,51.0,Bac,1.6,K1903,96444,1.0,1,"Candidat très dynamique, mobilité nationale validée. Projet clair.",0
ID_SYN_1459,40.0,Bac+2,11.7,K2111,28027,1.0,0,Problème ponctuel de mobilité géographique. Zone mal desservie.,1
ID_SYN_1460,39.0,Sans diplôme,3.9,A1203,95663,1.0,0,Cumul de difficultés. Pas de moyen de transport et garde d'enfants complexe.,2
ID_SYN_1461,,Bac,1.2,A1501,86843,0.0,0,Cumul de difficultés. Pas de moyen de transport et garde d'enfants complexe.,2
ID_SYN_1462,,Sans diplôme,7.7,N1301,31059,,0,"Perte de confiance importante. Risque d'exclusion, barrière de la langue.",2
ID_SYN_1463,40.0,Sans diplôme,0.8,A1202,05728,1.0,0,"Profil autonome, recherche active, aucun frein périphérique identifié.",1
ID_SYN_1464,30.0,Bac+2,8.4,D1210,38105,1.0,0,Compétences à réactualiser sur les outils numériques. Motivation correcte.,1
ID_SYN_1465,56.0,Bac,10.4,I1304,86888,0.0,0,Projet de reconversion à affiner. Besoin d'une formation complémentaire.,1
ID_SYN_1466,62.0,Bac+5,1.7,N1303,93207,1.0,0,Cumul de difficultés. Pas de moyen de transport et garde d'enfants complexe.,2
ID_SYN_1467,37.0,Bac,14.0,C1110,97452,1.0,0,Problème ponctuel de mobilité géographique. Zone mal desservie.,1
ID_SYN_1468,62.0,Bac,0.6,K2101,98449,1.0,0,"Perte de confiance importante. Risque d'exclusion, barrière de la langue.",2
ID_SYN_1469,,Bac,2.0,I1304,39173,0.0,0,Freins périphériques majeurs. Situation d'illettrisme numérique constatée.,2
ID_SYN_1470,40.0,Bac,4.5,K2101,33062,0.0,0,Cumul de difficultés. Pas de moyen de transport et garde d'enfants complexe.,2
ID_SYN_1471,45.0,,2.2,K1304,30368,,0,Projet de reconversion à affiner. Besoin d'une formation complémentaire.,1
ID_SYN_1472,42.0,Sans diplôme,1.2,M1802,41712,1.0,0,Projet de reconversion à affiner. Besoin d'une formation complémentaire.,2
ID_SYN_1473,55.0,Bac+5,0.3,M1602,33763,0.0,0,Freins périphériques majeurs. Situation d'illettrisme numérique constatée.,1
ID_SYN_1474,28.0,Bac,4.7,A1401,65673,1.0,0,"Profil autonome, recherche active, aucun frein périphérique identifié.",0
ID_SYN_1475,52.0,Bac,3.1,A1202,36146,0.0,0,"Perte de confiance importante. Risque d'exclusion, barrière de la langue.",2
ID_SYN_1476,36.0,Bac+2,5.5,G1801,61472,1.0,0,"Profil autonome, recherche active, aucun frein périphérique identifié.",0
ID_SYN_1477,62.0,Bac,12.0,K1201,92652,,0,Projet de reconversion à affiner. Besoin d'une formation complémentaire.,1
ID_SYN_1478,18.0,Sans diplôme,17.2,K1304,15898,1.0,0,"Profil autonome, recherche active, aucun frein périphérique identifié.",1
ID_SYN_1479,,Bac,6.4,J1506,53350,1.0,0,Cumul de difficultés. Pas de moyen de transport et garde d'enfants complexe.,2
ID_SYN_1480,,Sans diplôme,3.7,K2106,43255,1.0,0,"Candidat très dynamique, mobilité nationale validée. Projet clair.",1
ID_SYN_1481,36.0,Bac,3.3,M1705,94647,0.0,0,"Profil autonome, recherche active, aucun frein périphérique identifié.",0
ID_SYN_1482,33.0,Bac+2,1.5,D1210,69731,0.0,0,Problème ponctuel de mobilité géographique. Zone mal desservie.,1
ID_SYN_1483,62.0,Bac,1.3,G1602,92942,0.0,0,Compétences à réactualiser sur les outils numériques. Motivation correcte.,1
ID_SYN_1484,23.0,Bac+2,1.3,M1607,21506,0.0,0,Freins périphériques majeurs. Situation d'illettrisme numérique constatée.,2
ID_SYN_1485,59.0,Bac+2,3.3,G1302,38249,0.0,0,"Profil autonome, recherche active, aucun frein périphérique identifié.",1
ID_SYN_1486,35.0,Bac+5,1.4,G1203,74546,0.0,0,"Perte de confiance importante. Risque d'exclusion, barrière de la langue.",1
ID_SYN_1487,32.0,Bac+2,0.4,D1401,35463,0.0,0,"Candidat très dynamique, mobilité nationale validée. Projet clair.",0
ID_SYN_1488,57.0,Sans diplôme,6.4,N4101,81725,1.0,0,"Candidat très dynamique, mobilité nationale validée. Projet clair.",2
ID_SYN_1489,33.0,Bac,4.6,M1705,20200,1.0,1,Projet de reconversion à affiner. Besoin d'une formation complémentaire.,1
ID_SYN_1490,22.0,Bac,18.1,K2101,58630,0.0,1,Problème ponctuel de mobilité géographique. Zone mal desservie.,1
ID_SYN_1491,30.0,Bac,0.5,I1304,51532,1.0,0,"Perte de confiance importante. Risque d'exclusion, barrière de la langue.",2
ID_SYN_1492,62.0,Bac,1.0,D1210,84069,0.0,0,"Profil autonome, recherche active, aucun frein périphérique identifié.",1
ID_SYN_1493,63.0,Bac+2,6.1,M1806,16760,1.0,0,"Candidat très dynamique, mobilité nationale validée. Projet clair.",1
ID_SYN_1494,47.0,Bac,1.2,W1401,88823,0.0,0,Freins périphériques majeurs. Situation d'illettrisme numérique constatée.,2
ID_SYN_1495,30.0,Bac,1.4,I1304,50047,1.0,1,"Profil autonome, recherche active, aucun frein périphérique identifié.",0
ID_SYN_1496,30.0,Bac+2,19.1,M1602,41683,1.0,0,Compétences à réactualiser sur les outils numériques. Motivation correcte.,1
ID_SYN_1497,19.0,Bac+5,5.1,A1301,85832,1.0,0,"Candidat très dynamique, mobilité nationale validée. Projet clair.",0
ID_SYN_1498,40.0,Bac,7.0,M1501,04988,1.0,0,Compétences à réactualiser sur les outils numériques. Motivation correcte.,1
ID_SYN_1499,46.0,Bac+5,4.2,N4101,85875,1.0,0,Freins périphériques majeurs. Situation d'illettrisme numérique constatée.,1
ID_SYN_1500,22.0,Bac+5,5.1,N1301,97494,0.0,0,Problème ponctuel de mobilité géographique. Zone mal desservie.,0
ID_SYN_1501,61.0,Bac+5,6.3,M1801,94138,1.0,0,Freins périphériques majeurs. Situation d'illettrisme numérique constatée.,2
ID_SYN_1502,62.0,Sans diplôme,6.9,H1206,89079,,0,Compétences à réactualiser sur les outils numériques. Motivation correcte.,2
ID_SYN_1503,59.0,Bac,5.6,K2106,02857,1.0,0,"Excellente présentation, compétences techniques à jour. Reprise rapide visée.",1
ID_SYN_1504,20.0,Bac,1.4,C1501,96545,1.0,0,Cumul de difficultés. Pas de moyen de transport et garde d'enfants complexe.,2
ID_SYN_1505,22.0,Sans diplôme,0.3,D1401,84270,1.0,0,"Perte de confiance importante. Risque d'exclusion, barrière de la langue.",2
ID_SYN_1506,36.0,Bac+5,19.9,K1403,75471,0.0,0,"Excellente présentation, compétences techniques à jour. Reprise rapide visée.",0
ID_SYN_1507,32.0,Sans diplôme,2.9,N1303,12326,0.0,1,Problème ponctuel de mobilité géographique. Zone mal desservie.,2
ID_SYN_1508,52.0,Bac+2,2.0,M1801,50090,1.0,0,"Profil autonome, recherche active, aucun frein périphérique identifié.",0
ID_SYN_1509,24.0,Bac+5,3.8,N4101,97745,0.0,0,"Profil autonome, recherche active, aucun frein périphérique identifié.",0
ID_SYN_1510,42.0,Sans diplôme,2.2,J1506,30617,0.0,0,"Excellente présentation, compétences techniques à jour. Reprise rapide visée.",1
ID_SYN_1511,35.0,Bac,4.1,G1203,13112,,0,Freins périphériques majeurs. Situation d'illettrisme numérique constatée.,2
ID_SYN_1512,36.0,Bac+2,2.0,A1301,77706,1.0,0,Problème ponctuel de mobilité géographique. Zone mal desservie.,1
ID_SYN_1513,44.0,Bac,5.0,D1502,45850,1.0,0,"Candidat très dynamique, mobilité nationale validée. Projet clair.",0
ID_SYN_1514,53.0,Bac,4.0,G1203,29607,1.0,0,"Profil autonome, recherche active, aucun frein périphérique identifié.",0
ID_SYN_1515,46.0,Sans diplôme,1.2,K1403,77915,1.0,0,Problème ponctuel de mobilité géographique. Zone mal desservie.,2
ID_SYN_1516,34.0,Bac+2,0.8,M1801,48039,1.0,0,Projet de reconversion à affiner. Besoin d'une formation complémentaire.,1
ID_SYN_1517,51.0,Sans diplôme,5.0,D1401,47924,0.0,0,Projet de reconversion à affiner. Besoin d'une formation complémentaire.,2
ID_SYN_1518,28.0,Bac,2.5,M1602,76492,0.0,0,Freins périphériques majeurs. Situation d'illettrisme numérique constatée.,2
ID_SYN_1519,47.0,Bac+2,3.7,K1601,89939,0.0,0,"Excellente présentation, compétences techniques à jour. Reprise rapide visée.",0
ID_SYN_1520,37.0,Sans diplôme,5.9,C1110,56179,0.0,1,Cumul de difficultés. Pas de moyen de transport et garde d'enfants complexe.,2
ID_SYN_1521,62.0,Bac,1.4,G1602,79230,1.0,0,Problème ponctuel de mobilité géographique. Zone mal desservie.,2
ID_SYN_1522,25.0,Bac+5,0.8,M1805,44666,,0,Problème ponctuel de mobilité géographique. Zone mal desservie.,0
ID_SYN_1523,62.0,Sans diplôme,5.4,K1403,52903,1.0,0,"Excellente présentation, compétences techniques à jour. Reprise rapide visée.",2
ID_SYN_1524,44.0,Sans diplôme,4.3,D1401,31957,1.0,0,Projet de reconversion à affiner. Besoin d'une formation complémentaire.,2
ID_SYN_1525,53.0,Bac,6.0,A1202,63566,0.0,0,"Excellente présentation, compétences techniques à jour. Reprise rapide visée.",0
ID_SYN_1526,34.0,Sans diplôme,7.3,M1805,50321,1.0,0,Freins périphériques majeurs. Situation d'illettrisme numérique constatée.,2
ID_SYN_1527,52.0,Bac+2,2.4,J1301,43875,0.0,0,Problème ponctuel de mobilité géographique. Zone mal desservie.,1
ID_SYN_1528,48.0,Bac+5,1.8,H1504,65003,1.0,0,Projet de reconversion à affiner. Besoin d'une formation complémentaire.,0
ID_SYN_1529,35.0,,1.3,H2502,48484,1.0,0,"Profil autonome, recherche active, aucun frein périphérique identifié.",0
ID_SYN_1530,31.0,Bac+5,1.7,C1302,66529,1.0,1,"Profil autonome, recherche active, aucun frein périphérique identifié.",0
ID_SYN_1531,53.0,Sans diplôme,2.3,C1501,38350,0.0,0,"Perte de confiance importante. Risque d'exclusion, barrière de la langue.",2
ID_SYN_1532,32.0,Bac+2,6.1,D1210,53194,0.0,1,Problème ponctuel de mobilité géographique. Zone mal desservie.,1
ID_SYN_1533,49.0,Bac+5,1.3,M1802,54015,0.0,0,Projet de reconversion à affiner. Besoin d'une formation complémentaire.,0
ID_SYN_1534,30.0,Sans diplôme,2.6,A1202,64719,1.0,0,Freins périphériques majeurs. Situation d'illettrisme numérique constatée.,2
ID_SYN_1535,46.0,Bac+2,3.4,M1607,60017,0.0,0,Projet de reconversion à affiner. Besoin d'une formation complémentaire.,1
ID_SYN_1536,24.0,Bac+5,2.8,D1401,56583,1.0,1,Projet de reconversion à affiner. Besoin d'une formation complémentaire.,0
ID_SYN_1537,55.0,Bac,6.3,D1406,68488,0.0,0,"Candidat très dynamique, mobilité nationale validée. Projet clair.",0
ID_SYN_1538,44.0,Bac+2,2.4,K1903,61325,0.0,0,Projet de reconversion à affiner. Besoin d'une formation complémentaire.,1
ID_SYN_1539,47.0,Bac+5,2.5,W1401,04084,0.0,0,"Candidat très dynamique, mobilité nationale validée. Projet clair.",0
ID_SYN_1540,38.0,Sans diplôme,7.1,M1607,15638,0.0,0,Compétences à réactualiser sur les outils numériques. Motivation correcte.,2
ID_SYN_1541,60.0,Sans diplôme,2.0,C1302,96261,0.0,0,Projet de reconversion à affiner. Besoin d'une formation complémentaire.,2
ID_SYN_1542,19.0,Bac,3.3,N1303,69623,0.0,0,"Profil autonome, recherche active, aucun frein périphérique identifié.",0
ID_SYN_1543,34.0,Sans diplôme,4.4,I1304,68191,0.0,0,Projet de reconversion à affiner. Besoin d'une formation complémentaire.,2
ID_SYN_1544,22.0,Sans diplôme,6.6,D1401,98880,1.0,0,Compétences à réactualiser sur les outils numériques. Motivation correcte.,2
ID_SYN_1545,59.0,Bac+2,0.2,D1406,75828,1.0,0,Projet de reconversion à affiner. Besoin d'une formation complémentaire.,2
ID_SYN_1546,26.0,Bac,4.9,H2502,76148,1.0,0,Compétences à réactualiser sur les outils numériques. Motivation correcte.,1
ID_SYN_1547,51.0,Bac+2,17.8,K2101,89006,1.0,0,"Candidat très dynamique, mobilité nationale validée. Projet clair.",0
ID_SYN_1548,,Bac,4.5,A1203,55306,0.0,0,"Profil autonome, recherche active, aucun frein périphérique identifié.",0
ID_SYN_1549,50.0,Bac,3.8,D1503,30468,1.0,0,Projet de reconversion à affiner. Besoin d'une formation complémentaire.,1
ID_SYN_1550,,Bac,0.1,M1602,56150,0.0,0,Freins périphériques majeurs. Situation d'illettrisme numérique constatée.,2
ID_SYN_1551,49.0,Bac,3.3,G1801,46398,1.0,0,"Excellente présentation, compétences techniques à jour. Reprise rapide visée.",0
ID_SYN_1552,59.0,Sans diplôme,2.5,M1806,52126,1.0,0,Problème ponctuel de mobilité géographique. Zone mal desservie.,2
ID_SYN_1553,30.0,Sans diplôme,1.8,H1504,11891,,0,Cumul de difficultés. Pas de moyen de transport et garde d'enfants complexe.,2
ID_SYN_1554,60.0,,3.1,A1203,21434,0.0,0,Freins périphériques majeurs. Situation d'illettrisme numérique constatée.,2
ID_SYN_1555,40.0,Sans diplôme,11.5,N4301,38209,1.0,1,Compétences à réactualiser sur les outils numériques. Motivation correcte.,2
ID_SYN_1556,47.0,Bac,2.3,C1110,52871,1.0,0,Projet de reconversion à affiner. Besoin d'une formation complémentaire.,1
ID_SYN_1557,35.0,,1.2,M1203,54545,0.0,0,"Perte de confiance importante. Risque d'exclusion, barrière de la langue.",2
ID_SYN_1558,63.0,Sans diplôme,5.4,M1805,91026,0.0,0,Projet de reconversion à affiner. Besoin d'une formation complémentaire.,2
ID_SYN_1559,60.0,Bac+2,3.5,K1903,61806,1.0,0,"Perte de confiance importante. Risque d'exclusion, barrière de la langue.",2
ID_SYN_1560,29.0,Bac+5,3.1,K2111,44785,1.0,0,Compétences à réactualiser sur les outils numériques. Motivation correcte.,0
ID_SYN_1561,39.0,Bac+2,0.8,J1506,54778,0.0,0,"Perte de confiance importante. Risque d'exclusion, barrière de la langue.",2
ID_SYN_1562,52.0,Sans diplôme,1.1,M1607,75787,1.0,0,Projet de reconversion à affiner. Besoin d'une formation complémentaire.,2
ID_SYN_1563,46.0,Bac+5,0.2,M1806,12923,0.0,0,Freins périphériques majeurs. Situation d'illettrisme numérique constatée.,1
ID_SYN_1564,59.0,Sans diplôme,2.4,D1406,22152,1.0,0,Cumul de difficultés. Pas de moyen de transport et garde d'enfants complexe.,2
ID_SYN_1565,31.0,Bac+2,2.1,G1801,18386,1.0,0,"Profil autonome, recherche active, aucun frein périphérique identifié.",0
ID_SYN_1566,32.0,Bac+5,1.9,F1603,24183,1.0,0,Freins périphériques majeurs. Situation d'illettrisme numérique constatée.,1
ID_SYN_1567,36.0,Bac,3.6,F1603,61583,1.0,0,Problème ponctuel de mobilité géographique. Zone mal desservie.,1
ID_SYN_1568,51.0,Sans diplôme,3.3,K1601,51504,1.0,0,Cumul de difficultés. Pas de moyen de transport et garde d'enfants complexe.,2
ID_SYN_1569,18.0,Bac,7.4,N1301,04109,1.0,0,Cumul de difficultés. Pas de moyen de transport et garde d'enfants complexe.,2
ID_SYN_1570,33.0,Bac+5,3.5,H2502,53354,1.0,0,Compétences à réactualiser sur les outils numériques. Motivation correcte.,0
ID_SYN_1571,33.0,Bac,2.2,G1203,76997,1.0,0,Problème ponctuel de mobilité géographique. Zone mal desservie.,1
ID_SYN_1572,53.0,Sans diplôme,1.5,K1601,28536,1.0,0,"Profil autonome, recherche active, aucun frein périphérique identifié.",1
ID_SYN_1573,63.0,Bac,1.1,N4301,35078,1.0,0,"Profil autonome, recherche active, aucun frein périphérique identifié.",1
ID_SYN_1574,31.0,Bac+2,0.7,M1607,05685,1.0,0,"Candidat très dynamique, mobilité nationale validée. Projet clair.",0
ID_SYN_1575,27.0,Sans diplôme,3.2,N1301,39170,0.0,0,"Excellente présentation, compétences techniques à jour. Reprise rapide visée.",1
ID_SYN_1576,34.0,Bac+2,8.1,C1501,98482,0.0,0,"Candidat très dynamique, mobilité nationale validée. Projet clair.",0
ID_SYN_1577,37.0,Sans diplôme,2.8,A1203,28742,1.0,0,"Profil autonome, recherche active, aucun frein périphérique identifié.",1
ID_SYN_1578,23.0,Sans diplôme,21.4,J1301,63517,1.0,0,Cumul de difficultés. Pas de moyen de transport et garde d'enfants complexe.,2
ID_SYN_1579,30.0,Sans diplôme,4.8,K2106,50068,0.0,0,"Excellente présentation, compétences techniques à jour. Reprise rapide visée.",1
ID_SYN_1580,61.0,Bac+5,5.3,I1304,02865,1.0,0,Freins périphériques majeurs. Situation d'illettrisme numérique constatée.,2
ID_SYN_1581,22.0,Sans diplôme,4.1,M1802,26813,0.0,0,Projet de reconversion à affiner. Besoin d'une formation complémentaire.,2
ID_SYN_1582,50.0,Bac,13.8,D1503,98173,1.0,0,Cumul de difficultés. Pas de moyen de transport et garde d'enfants complexe.,2
ID_SYN_1583,46.0,Bac+2,3.2,G1302,73520,0.0,0,Projet de reconversion à affiner. Besoin d'une formation complémentaire.,1
ID_SYN_1584,32.0,Bac+5,8.1,M1501,69543,0.0,0,Freins périphériques majeurs. Situation d'illettrisme numérique constatée.,1
ID_SYN_1585,58.0,Bac,7.8,D1503,91392,1.0,0,"Profil autonome, recherche active, aucun frein périphérique identifié.",1
ID_SYN_1586,20.0,Sans diplôme,4.3,N1303,09345,0.0,0,"Profil autonome, recherche active, aucun frein périphérique identifié.",1
ID_SYN_1587,58.0,Sans diplôme,5.6,K1403,13880,0.0,0,Freins périphériques majeurs. Situation d'illettrisme numérique constatée.,2
ID_SYN_1588,31.0,Bac+5,4.3,K1304,11929,1.0,0,Projet de reconversion à affiner. Besoin d'une formation complémentaire.,0
ID_SYN_1589,43.0,Sans diplôme,3.4,M1602,57328,1.0,0,Compétences à réactualiser sur les outils numériques. Motivation correcte.,2
ID_SYN_1590,53.0,Sans diplôme,0.4,A1202,33997,1.0,0,Freins périphériques majeurs. Situation d'illettrisme numérique constatée.,2
ID_SYN_1591,59.0,Bac+2,3.6,G1601,85578,0.0,0,Cumul de difficultés. Pas de moyen de transport et garde d'enfants complexe.,2
ID_SYN_1592,29.0,Bac+5,9.0,M1801,58677,0.0,0,"Candidat très dynamique, mobilité nationale validée. Projet clair.",0
ID_SYN_1593,44.0,Bac+2,5.4,K1601,65983,0.0,0,Cumul de difficultés. Pas de moyen de transport et garde d'enfants complexe.,2
ID_SYN_1594,63.0,Sans diplôme,0.1,H1206,84608,0.0,1,Freins périphériques majeurs. Situation d'illettrisme numérique constatée.,2
ID_SYN_1595,24.0,Bac+5,0.1,K2101,41027,0.0,0,"Candidat très dynamique, mobilité nationale validée. Projet clair.",0
ID_SYN_1596,42.0,Bac,0.8,G1801,21498,0.0,0,Problème ponctuel de mobilité géographique. Zone mal desservie.,1
ID_SYN_1597,54.0,Bac,6.7,K2106,63098,0.0,0,"Excellente présentation, compétences techniques à jour. Reprise rapide visée.",0
ID_SYN_1598,55.0,Bac+5,3.4,G1602,49600,0.0,1,Freins périphériques majeurs. Situation d'illettrisme numérique constatée.,1
ID_SYN_1599,50.0,Bac,0.6,M1501,52582,1.0,0,"Perte de confiance importante. Risque d'exclusion, barrière de la langue.",2
ID_SYN_1600,54.0,Sans diplôme,2.1,K1403,36940,0.0,0,Problème ponctuel de mobilité géographique. Zone mal desservie.,2
ID_SYN_1601,,Bac+2,6.4,A1203,43184,1.0,0,"Excellente présentation, compétences techniques à jour. Reprise rapide visée.",0
ID_SYN_1602,34.0,Bac,3.2,K1304,36908,1.0,0,Cumul de difficultés. Pas de moyen de transport et garde d'enfants complexe.,2
ID_SYN_1603,28.0,Bac,1.0,A1301,87431,1.0,0,Freins périphériques majeurs. Situation d'illettrisme numérique constatée.,2
ID_SYN_1604,35.0,,3.1,A1401,14295,0.0,1,"Perte de confiance importante. Risque d'exclusion, barrière de la langue.",2
ID_SYN_1605,35.0,Bac,6.1,C1302,10697,1.0,0,Freins périphériques majeurs. Situation d'illettrisme numérique constatée.,2
ID_SYN_1606,37.0,Bac+2,2.2,M1501,27213,0.0,0,"Candidat très dynamique, mobilité nationale validée. Projet clair.",0
ID_SYN_1607,46.0,Bac,4.5,K2106,39196,1.0,0,Cumul de difficultés. Pas de moyen de transport et garde d'enfants complexe.,2
ID_SYN_1608,35.0,Sans diplôme,16.1,H2502,59437,1.0,0,"Excellente présentation, compétences techniques à jour. Reprise rapide visée.",1
ID_SYN_1609,61.0,Sans diplôme,2.9,M1806,93282,0.0,0,"Profil autonome, recherche active, aucun frein périphérique identifié.",1
ID_SYN_1610,32.0,Bac+2,0.5,J1301,64747,0.0,0,"Perte de confiance importante. Risque d'exclusion, barrière de la langue.",2
ID_SYN_1611,43.0,Bac+5,2.8,A1301,67088,,0,"Perte de confiance importante. Risque d'exclusion, barrière de la langue.",1
ID_SYN_1612,42.0,Bac,0.9,N4101,10902,0.0,0,Projet de reconversion à affiner. Besoin d'une formation complémentaire.,1
ID_SYN_1613,49.0,,5.6,M1501,62400,1.0,0,Projet de reconversion à affiner. Besoin d'une formation complémentaire.,1
ID_SYN_1614,19.0,,3.1,K1403,60151,1.0,0,"Candidat très dynamique, mobilité nationale validée. Projet clair.",0
ID_SYN_1615,29.0,,5.4,K1403,70168,0.0,0,"Excellente présentation, compétences techniques à jour. Reprise rapide visée.",0
ID_SYN_1616,20.0,Bac+2,6.7,A1202,82748,1.0,0,"Candidat très dynamique, mobilité nationale validée. Projet clair.",0
ID_SYN_1617,53.0,Sans diplôme,2.3,M1602,89413,1.0,0,"Profil autonome, recherche active, aucun frein périphérique identifié.",1
ID_SYN_1618,24.0,Bac,4.4,N1301,76609,0.0,0,"Excellente présentation, compétences techniques à jour. Reprise rapide visée.",0
ID_SYN_1619,18.0,Bac+2,0.2,W1401,17688,0.0,0,Compétences à réactualiser sur les outils numériques. Motivation correcte.,1
ID_SYN_1620,27.0,,2.4,D1406,40705,0.0,0,"Profil autonome, recherche active, aucun frein périphérique identifié.",0
ID_SYN_1621,56.0,,1.5,C1302,58624,1.0,0,Compétences à réactualiser sur les outils numériques. Motivation correcte.,2
ID_SYN_1622,33.0,Bac+5,11.9,I1304,07450,1.0,0,"Profil autonome, recherche active, aucun frein périphérique identifié.",0
ID_SYN_1623,43.0,Bac,2.2,D1401,67414,1.0,0,Projet de reconversion à affiner. Besoin d'une formation complémentaire.,1
ID_SYN_1624,24.0,Bac+2,1.8,N4101,80278,1.0,0,Freins périphériques majeurs. Situation d'illettrisme numérique constatée.,2
ID_SYN_1625,20.0,,2.7,H2502,63649,0.0,0,Cumul de difficultés. Pas de moyen de transport et garde d'enfants complexe.,2
ID_SYN_1626,43.0,Sans diplôme,2.6,C1110,47488,0.0,0,"Perte de confiance importante. Risque d'exclusion, barrière de la langue.",2
ID_SYN_1627,29.0,Bac,4.4,N1101,12069,1.0,0,"Profil autonome, recherche active, aucun frein périphérique identifié.",0
ID_SYN_1628,50.0,Bac+5,1.0,A1301,19446,0.0,1,"Excellente présentation, compétences techniques à jour. Reprise rapide visée.",0
ID_SYN_1629,43.0,Sans diplôme,15.1,N4301,06110,1.0,0,Freins périphériques majeurs. Situation d'illettrisme numérique constatée.,2
ID_SYN_1630,57.0,Bac+5,5.1,D1210,55950,1.0,0,"Perte de confiance importante. Risque d'exclusion, barrière de la langue.",2
ID_SYN_1631,19.0,Bac+5,0.8,H2502,15338,1.0,0,Problème ponctuel de mobilité géographique. Zone mal desservie.,0
ID_SYN_1632,63.0,Sans diplôme,8.5,M1705,43083,1.0,0,"Candidat très dynamique, mobilité nationale validée. Projet clair.",2
ID_SYN_1633,,Sans diplôme,4.8,J1506,07094,1.0,0,Problème ponctuel de mobilité géographique. Zone mal desservie.,2
ID_SYN_1634,36.0,Bac+2,7.2,D1503,13074,0.0,0,"Excellente présentation, compétences techniques à jour. Reprise rapide visée.",0
ID_SYN_1635,53.0,Sans diplôme,0.6,K1304,18616,1.0,0,Cumul de difficultés. Pas de moyen de transport et garde d'enfants complexe.,2
ID_SYN_1636,29.0,Bac+5,12.3,C1302,43320,1.0,0,"Candidat très dynamique, mobilité nationale validée. Projet clair.",0
ID_SYN_1637,49.0,Bac,6.4,C1302,29745,1.0,0,"Profil autonome, recherche active, aucun frein périphérique identifié.",0
ID_SYN_1638,23.0,Bac+5,4.1,G1601,81611,1.0,0,"Perte de confiance importante. Risque d'exclusion, barrière de la langue.",1
ID_SYN_1639,24.0,Bac,1.9,M1805,78435,1.0,0,Freins périphériques majeurs. Situation d'illettrisme numérique constatée.,2
ID_SYN_1640,28.0,Bac+2,5.2,H2502,87665,1.0,0,"Perte de confiance importante. Risque d'exclusion, barrière de la langue.",2
ID_SYN_1641,54.0,Bac+2,1.6,D1406,24877,1.0,0,Compétences à réactualiser sur les outils numériques. Motivation correcte.,1
ID_SYN_1642,,Bac+2,1.6,M1501,64016,0.0,0,Compétences à réactualiser sur les outils numériques. Motivation correcte.,1
ID_SYN_1643,38.0,Bac,1.5,D1502,60400,1.0,0,Freins périphériques majeurs. Situation d'illettrisme numérique constatée.,2
ID_SYN_1644,55.0,Bac,3.9,H1206,25421,0.0,0,"Excellente présentation, compétences techniques à jour. Reprise rapide visée.",0
ID_SYN_1645,31.0,Bac+5,5.6,N4301,69035,1.0,0,"Excellente présentation, compétences techniques à jour. Reprise rapide visée.",0
ID_SYN_1646,27.0,Bac+5,2.9,D1503,60956,0.0,0,Projet de reconversion à affiner. Besoin d'une formation complémentaire.,0
ID_SYN_1647,58.0,Sans diplôme,5.2,K1201,73521,0.0,0,Freins périphériques majeurs. Situation d'illettrisme numérique constatée.,2
ID_SYN_1648,34.0,Sans diplôme,2.0,D1406,19574,1.0,0,Cumul de difficultés. Pas de moyen de transport et garde d'enfants complexe.,2
ID_SYN_1649,29.0,Bac,12.1,M1501,70541,1.0,0,Problème ponctuel de mobilité géographique. Zone mal desservie.,1
ID_SYN_1650,51.0,Bac+5,8.2,D1210,50082,0.0,1,Cumul de difficultés. Pas de moyen de transport et garde d'enfants complexe.,1
ID_SYN_1651,22.0,Bac+2,0.5,K2111,80910,1.0,0,Problème ponctuel de mobilité géographique. Zone mal desservie.,1
ID_SYN_1652,29.0,Sans diplôme,4.2,K2106,56215,,0,"Perte de confiance importante. Risque d'exclusion, barrière de la langue.",2
ID_SYN_1653,28.0,Bac,8.1,N1301,73844,1.0,0,"Candidat très dynamique, mobilité nationale validée. Projet clair.",0
ID_SYN_1654,29.0,Sans diplôme,20.1,C1302,19847,1.0,0,"Perte de confiance importante. Risque d'exclusion, barrière de la langue.",2
ID_SYN_1655,53.0,Sans diplôme,0.8,D1210,85683,,1,"Perte de confiance importante. Risque d'exclusion, barrière de la langue.",2
ID_SYN_1656,37.0,Bac+2,5.4,C1302,53617,1.0,0,"Candidat très dynamique, mobilité nationale validée. Projet clair.",0
ID_SYN_1657,31.0,Bac+2,1.3,N4301,43922,0.0,0,"Candidat très dynamique, mobilité nationale validée. Projet clair.",0
ID_SYN_1658,,Sans diplôme,2.0,D1503,87562,0.0,0,Freins périphériques majeurs. Situation d'illettrisme numérique constatée.,2
ID_SYN_1659,37.0,Bac+5,3.6,G1302,06370,1.0,0,"Excellente présentation, compétences techniques à jour. Reprise rapide visée.",0
ID_SYN_1660,24.0,Bac+5,6.1,N4301,39155,1.0,0,Freins périphériques majeurs. Situation d'illettrisme numérique constatée.,1
ID_SYN_1661,61.0,Sans diplôme,1.0,F1603,88151,1.0,0,"Excellente présentation, compétences techniques à jour. Reprise rapide visée.",2
ID_SYN_1662,27.0,Bac+2,9.2,N1303,97002,0.0,0,"Candidat très dynamique, mobilité nationale validée. Projet clair.",0
ID_SYN_1663,27.0,Bac,3.8,C1102,02694,1.0,0,"Excellente présentation, compétences techniques à jour. Reprise rapide visée.",0
ID_SYN_1664,38.0,Bac+5,13.9,C1110,93868,1.0,0,"Candidat très dynamique, mobilité nationale validée. Projet clair.",0
ID_SYN_1665,41.0,Bac+2,3.8,A1301,79861,1.0,0,"Perte de confiance importante. Risque d'exclusion, barrière de la langue.",2
ID_SYN_1666,35.0,Bac+5,1.7,H2502,77037,0.0,0,"Profil autonome, recherche active, aucun frein périphérique identifié.",0
ID_SYN_1667,63.0,Bac+5,4.7,M1802,58703,1.0,0,"Excellente présentation, compétences techniques à jour. Reprise rapide visée.",0
ID_SYN_1668,59.0,Bac+2,3.1,M1805,04360,1.0,0,"Perte de confiance importante. Risque d'exclusion, barrière de la langue.",2
ID_SYN_1669,51.0,Sans diplôme,1.4,A1203,96559,0.0,0,"Perte de confiance importante. Risque d'exclusion, barrière de la langue.",2
ID_SYN_1670,57.0,Bac+5,2.6,G1302,59459,1.0,0,"Profil autonome, recherche active, aucun frein périphérique identifié.",0
ID_SYN_1671,35.0,Bac,1.6,D1502,74200,1.0,0,Problème ponctuel de mobilité géographique. Zone mal desservie.,1
ID_SYN_1672,54.0,Bac,2.6,K1903,12648,1.0,0,Problème ponctuel de mobilité géographique. Zone mal desservie.,1
ID_SYN_1673,35.0,Bac+2,1.6,C1110,95626,1.0,0,"Candidat très dynamique, mobilité nationale validée. Projet clair.",0
ID_SYN_1674,41.0,Bac,5.6,G1203,93719,1.0,0,"Profil autonome, recherche active, aucun frein périphérique identifié.",0
ID_SYN_1675,40.0,Bac,3.5,G1801,03087,1.0,0,Problème ponctuel de mobilité géographique. Zone mal desservie.,1
ID_SYN_1676,28.0,Bac+2,3.3,K2111,24318,1.0,0,Cumul de difficultés. Pas de moyen de transport et garde d'enfants complexe.,2
ID_SYN_1677,30.0,Bac+2,6.3,G1203,20105,0.0,0,"Perte de confiance importante. Risque d'exclusion, barrière de la langue.",2
ID_SYN_1678,21.0,Bac,4.1,M1705,75725,1.0,0,"Candidat très dynamique, mobilité nationale validée. Projet clair.",0
ID_SYN_1679,40.0,Bac,5.5,M1805,36885,1.0,0,Problème ponctuel de mobilité géographique. Zone mal desservie.,1
ID_SYN_1680,,Bac,4.3,M1802,29307,0.0,0,Freins périphériques majeurs. Situation d'illettrisme numérique constatée.,2
ID_SYN_1681,25.0,Bac,2.3,J1506,73918,1.0,0,Freins périphériques majeurs. Situation d'illettrisme numérique constatée.,2
ID_SYN_1682,22.0,Bac+2,0.9,N4101,35274,1.0,0,"Perte de confiance importante. Risque d'exclusion, barrière de la langue.",2
ID_SYN_1683,29.0,,1.4,G1801,71827,0.0,0,"Profil autonome, recherche active, aucun frein périphérique identifié.",0
ID_SYN_1684,61.0,,2.5,K2111,76885,1.0,1,"Profil autonome, recherche active, aucun frein périphérique identifié.",1
ID_SYN_1685,19.0,,3.9,C1110,80179,1.0,0,"Excellente présentation, compétences techniques à jour. Reprise rapide visée.",0
ID_SYN_1686,24.0,Bac,3.1,K1403,36275,,0,"Profil autonome, recherche active, aucun frein périphérique identifié.",0
ID_SYN_1687,57.0,Sans diplôme,4.9,A1203,74394,1.0,0,Problème ponctuel de mobilité géographique. Zone mal desservie.,2
ID_SYN_1688,26.0,Bac+2,5.9,M1806,47453,1.0,0,Projet de reconversion à affiner. Besoin d'une formation complémentaire.,1
ID_SYN_1689,27.0,Bac+2,2.2,K1201,93303,1.0,0,Freins périphériques majeurs. Situation d'illettrisme numérique constatée.,2
ID_SYN_1690,58.0,Sans diplôme,1.9,H1206,31482,1.0,0,"Candidat très dynamique, mobilité nationale validée. Projet clair.",2
ID_SYN_1691,24.0,Bac+5,1.3,A1202,80900,0.0,0,"Excellente présentation, compétences techniques à jour. Reprise rapide visée.",0
ID_SYN_1692,49.0,Bac+2,5.7,K2106,55225,1.0,0,Projet de reconversion à affiner. Besoin d'une formation complémentaire.,1
ID_SYN_1693,23.0,Bac+2,0.5,D1401,04864,1.0,0,Problème ponctuel de mobilité géographique. Zone mal desservie.,1
ID_SYN_1694,28.0,Bac,3.6,J1506,50976,0.0,1,"Perte de confiance importante. Risque d'exclusion, barrière de la langue.",2
ID_SYN_1695,38.0,Sans diplôme,3.1,G1203,66494,0.0,0,"Perte de confiance importante. Risque d'exclusion, barrière de la langue.",2
ID_SYN_1696,62.0,Bac,6.8,H1206,60208,1.0,0,Projet de reconversion à affiner. Besoin d'une formation complémentaire.,2
ID_SYN_1697,33.0,Bac,2.3,M1806,49909,1.0,1,Compétences à réactualiser sur les outils numériques. Motivation correcte.,1
ID_SYN_1698,21.0,Sans diplôme,3.9,A1203,75459,0.0,0,"Candidat très dynamique, mobilité nationale validée. Projet clair.",1
ID_SYN_1699,61.0,Bac+5,4.0,K2111,29622,0.0,0,Problème ponctuel de mobilité géographique. Zone mal desservie.,1
ID_SYN_1700,54.0,Sans diplôme,3.2,K1304,93585,0.0,0,Problème ponctuel de mobilité géographique. Zone mal desservie.,2
ID_SYN_1701,52.0,Bac+2,0.9,K2111,16765,1.0,0,Compétences à réactualiser sur les outils numériques. Motivation correcte.,1
ID_SYN_1702,21.0,Bac,8.0,D1210,14070,0.0,0,Cumul de difficultés. Pas de moyen de transport et garde d'enfants complexe.,2
ID_SYN_1703,24.0,Bac+2,6.1,I1304,59711,1.0,1,Cumul de difficultés. Pas de moyen de transport et garde d'enfants complexe.,2
ID_SYN_1704,27.0,Bac+2,5.2,D1406,53990,0.0,0,Freins périphériques majeurs. Situation d'illettrisme numérique constatée.,2
ID_SYN_1705,,Sans diplôme,2.5,K2106,12921,1.0,0,Projet de reconversion à affiner. Besoin d'une formation complémentaire.,2
ID_SYN_1706,27.0,Bac,3.0,N4301,72615,1.0,0,"Perte de confiance importante. Risque d'exclusion, barrière de la langue.",2
ID_SYN_1707,21.0,Bac,1.0,J1301,58034,1.0,0,"Perte de confiance importante. Risque d'exclusion, barrière de la langue.",2
ID_SYN_1708,54.0,Bac,0.3,G1602,66223,0.0,0,"Perte de confiance importante. Risque d'exclusion, barrière de la langue.",2
ID_SYN_1709,35.0,Bac+2,3.6,D1406,12689,1.0,0,Compétences à réactualiser sur les outils numériques. Motivation correcte.,1
ID_SYN_1710,51.0,Bac+2,9.3,K2111,04665,1.0,0,Compétences à réactualiser sur les outils numériques. Motivation correcte.,1
ID_SYN_1711,,Bac,0.8,N4101,67633,,0,"Perte de confiance importante. Risque d'exclusion, barrière de la langue.",2
ID_SYN_1712,45.0,Sans diplôme,2.7,K1403,25340,1.0,1,Projet de reconversion à affiner. Besoin d'une formation complémentaire.,2
ID_SYN_1713,29.0,Bac+2,1.3,A1301,51002,0.0,0,Compétences à réactualiser sur les outils numériques. Motivation correcte.,1
ID_SYN_1714,49.0,Bac+2,1.0,D1401,52107,0.0,0,"Excellente présentation, compétences techniques à jour. Reprise rapide visée.",0
ID_SYN_1715,44.0,Bac,3.4,M1705,88625,0.0,0,"Profil autonome, recherche active, aucun frein périphérique identifié.",0
ID_SYN_1716,43.0,Bac+5,6.3,D1502,86634,1.0,1,"Candidat très dynamique, mobilité nationale validée. Projet clair.",0
ID_SYN_1717,55.0,Bac,4.7,D1406,64991,1.0,0,"Candidat très dynamique, mobilité nationale validée. Projet clair.",0
ID_SYN_1718,41.0,Sans diplôme,0.4,M1805,91374,0.0,0,Problème ponctuel de mobilité géographique. Zone mal desservie.,2
ID_SYN_1719,48.0,Bac+2,9.3,K2111,43910,1.0,0,Problème ponctuel de mobilité géographique. Zone mal desservie.,1
ID_SYN_1720,60.0,Bac+2,2.9,K2111,38544,1.0,0,"Candidat très dynamique, mobilité nationale validée. Projet clair.",1
ID_SYN_1721,41.0,Bac+2,0.1,C1102,73712,0.0,0,"Profil autonome, recherche active, aucun frein périphérique identifié.",0
ID_SYN_1722,30.0,Sans diplôme,1.7,D1503,05984,0.0,0,Projet de reconversion à affiner. Besoin d'une formation complémentaire.,2
ID_SYN_1723,21.0,Sans diplôme,2.4,K1304,97776,1.0,0,"Excellente présentation, compétences techniques à jour. Reprise rapide visée.",1
ID_SYN_1724,20.0,Bac+2,3.7,W1401,28581,1.0,0,"Profil autonome, recherche active, aucun frein périphérique identifié.",0
ID_SYN_1725,39.0,Sans diplôme,18.7,D1401,46890,0.0,0,"Candidat très dynamique, mobilité nationale validée. Projet clair.",1
ID_SYN_1726,61.0,Bac+5,2.4,A1501,30522,1.0,1,Cumul de difficultés. Pas de moyen de transport et garde d'enfants complexe.,2
ID_SYN_1727,40.0,Sans diplôme,1.6,F1603,79860,1.0,0,Projet de reconversion à affiner. Besoin d'une formation complémentaire.,2
ID_SYN_1728,34.0,Bac+2,5.8,J1506,68901,,0,Projet de reconversion à affiner. Besoin d'une formation complémentaire.,1
ID_SYN_1729,30.0,Bac+2,6.9,C1110,90694,1.0,0,Problème ponctuel de mobilité géographique. Zone mal desservie.,1
ID_SYN_1730,53.0,Bac,8.7,D1503,83350,1.0,0,Projet de reconversion à affiner. Besoin d'une formation complémentaire.,1
ID_SYN_1731,,Bac,14.0,G1601,90864,1.0,0,"Perte de confiance importante. Risque d'exclusion, barrière de la langue.",2
ID_SYN_1732,51.0,Bac,2.4,M1801,60635,1.0,0,"Excellente présentation, compétences techniques à jour. Reprise rapide visée.",0
ID_SYN_1733,27.0,Bac+5,0.2,M1801,96810,1.0,0,"Candidat très dynamique, mobilité nationale validée. Projet clair.",0
ID_SYN_1734,27.0,,1.7,K1201,40302,1.0,0,Compétences à réactualiser sur les outils numériques. Motivation correcte.,1
ID_SYN_1735,44.0,Bac,3.5,C1302,83116,1.0,0,"Perte de confiance importante. Risque d'exclusion, barrière de la langue.",2
ID_SYN_1736,38.0,Bac+5,1.7,I1304,61754,1.0,0,Freins périphériques majeurs. Situation d'illettrisme numérique constatée.,1
ID_SYN_1737,26.0,Bac,2.0,N1301,26030,1.0,0,"Profil autonome, recherche active, aucun frein périphérique identifié.",0
ID_SYN_1738,60.0,Bac+5,0.7,M1203,54504,1.0,0,Freins périphériques majeurs. Situation d'illettrisme numérique constatée.,2
ID_SYN_1739,53.0,Bac,1.0,G1602,82735,1.0,0,Freins périphériques majeurs. Situation d'illettrisme numérique constatée.,2
ID_SYN_1740,46.0,Sans diplôme,3.2,K1201,24634,1.0,0,Cumul de difficultés. Pas de moyen de transport et garde d'enfants complexe.,2
ID_SYN_1741,53.0,Sans diplôme,1.7,M1802,53674,1.0,0,Problème ponctuel de mobilité géographique. Zone mal desservie.,2
ID_SYN_1742,44.0,Bac+5,4.8,N4301,64790,0.0,0,Problème ponctuel de mobilité géographique. Zone mal desservie.,0
ID_SYN_1743,40.0,Bac+5,3.3,A1501,12239,1.0,0,Projet de reconversion à affiner. Besoin d'une formation complémentaire.,0
ID_SYN_1744,,Bac+5,3.4,D1406,98463,0.0,0,"Excellente présentation, compétences techniques à jour. Reprise rapide visée.",0
ID_SYN_1745,46.0,Sans diplôme,0.9,K1601,45383,1.0,1,Freins périphériques majeurs. Situation d'illettrisme numérique constatée.,2
ID_SYN_1746,50.0,Bac,1.2,D1210,55419,1.0,1,Problème ponctuel de mobilité géographique. Zone mal desservie.,1
ID_SYN_1747,62.0,Bac+5,3.2,N1101,33688,1.0,0,"Candidat très dynamique, mobilité nationale validée. Projet clair.",0
ID_SYN_1748,37.0,Bac+2,1.6,I1304,62972,1.0,0,Problème ponctuel de mobilité géographique. Zone mal desservie.,1
ID_SYN_1749,40.0,Sans diplôme,13.1,M1602,75961,1.0,0,Freins périphériques majeurs. Situation d'illettrisme numérique constatée.,2
ID_SYN_1750,40.0,Bac+5,4.3,C1102,49492,1.0,0,"Excellente présentation, compétences techniques à jour. Reprise rapide visée.",0
ID_SYN_1751,24.0,Sans diplôme,7.1,M1801,43034,1.0,0,"Profil autonome, recherche active, aucun frein périphérique identifié.",1
ID_SYN_1752,59.0,Bac+5,2.9,A1203,82508,1.0,1,Freins périphériques majeurs. Situation d'illettrisme numérique constatée.,2
ID_SYN_1753,19.0,Bac,4.4,K2106,04072,1.0,0,"Candidat très dynamique, mobilité nationale validée. Projet clair.",0
ID_SYN_1754,53.0,Bac+5,1.2,K1201,45239,0.0,0,Freins périphériques majeurs. Situation d'illettrisme numérique constatée.,1
ID_SYN_1755,,Bac+2,4.9,A1301,18124,1.0,0,Cumul de difficultés. Pas de moyen de transport et garde d'enfants complexe.,2
ID_SYN_1756,53.0,Bac+5,11.1,K1601,50809,1.0,0,"Profil autonome, recherche active, aucun frein périphérique identifié.",0
ID_SYN_1757,36.0,Bac+2,2.1,K1201,54371,1.0,0,Cumul de difficultés. Pas de moyen de transport et garde d'enfants complexe.,2
ID_SYN_1758,34.0,Sans diplôme,3.6,G1302,11919,0.0,0,"Candidat très dynamique, mobilité nationale validée. Projet clair.",1
ID_SYN_1759,18.0,Bac+5,3.7,C1201,04015,1.0,0,Cumul de difficultés. Pas de moyen de transport et garde d'enfants complexe.,1
ID_SYN_1760,26.0,Bac+5,2.6,M1501,32056,0.0,0,Problème ponctuel de mobilité géographique. Zone mal desservie.,0
ID_SYN_1761,39.0,Bac+5,14.1,C1501,77382,0.0,0,Projet de reconversion à affiner. Besoin d'une formation complémentaire.,0
ID_SYN_1762,37.0,Bac+5,1.3,M1705,16987,1.0,0,Projet de reconversion à affiner. Besoin d'une formation complémentaire.,0
ID_SYN_1763,49.0,Sans diplôme,1.4,A1202,57750,1.0,0,Projet de reconversion à affiner. Besoin d'une formation complémentaire.,2
ID_SYN_1764,39.0,Bac,4.2,D1406,63396,0.0,0,Cumul de difficultés. Pas de moyen de transport et garde d'enfants complexe.,2
ID_SYN_1765,35.0,Bac+2,2.6,K1304,25238,1.0,0,Compétences à réactualiser sur les outils numériques. Motivation correcte.,1
ID_SYN_1766,46.0,Sans diplôme,2.1,N1101,17254,0.0,0,"Profil autonome, recherche active, aucun frein périphérique identifié.",1
ID_SYN_1767,51.0,Sans diplôme,0.4,J1301,84269,0.0,1,Problème ponctuel de mobilité géographique. Zone mal desservie.,2
ID_SYN_1768,35.0,Bac,1.9,H1504,97396,1.0,0,"Candidat très dynamique, mobilité nationale validée. Projet clair.",0
ID_SYN_1769,26.0,Sans diplôme,1.5,A1501,09076,1.0,0,Problème ponctuel de mobilité géographique. Zone mal desservie.,2
ID_SYN_1770,52.0,Bac,5.3,M1806,94861,1.0,0,Projet de reconversion à affiner. Besoin d'une formation complémentaire.,1
ID_SYN_1771,56.0,,0.2,N1101,90270,0.0,0,"Excellente présentation, compétences techniques à jour. Reprise rapide visée.",1
ID_SYN_1772,39.0,,1.6,N4101,63973,1.0,0,"Excellente présentation, compétences techniques à jour. Reprise rapide visée.",0
ID_SYN_1773,37.0,Bac,2.0,M1602,23354,1.0,0,"Profil autonome, recherche active, aucun frein périphérique identifié.",0
ID_SYN_1774,,Bac,2.2,K1403,61868,1.0,1,"Perte de confiance importante. Risque d'exclusion, barrière de la langue.",2
ID_SYN_1775,48.0,Sans diplôme,0.2,G1801,50998,1.0,0,Problème ponctuel de mobilité géographique. Zone mal desservie.,2
ID_SYN_1776,55.0,Bac+2,2.5,C1501,78717,0.0,0,Problème ponctuel de mobilité géographique. Zone mal desservie.,1
ID_SYN_1777,56.0,Sans diplôme,21.8,A1203,66185,1.0,0,"Profil autonome, recherche active, aucun frein périphérique identifié.",2
ID_SYN_1778,21.0,Bac,0.1,M1607,95860,1.0,0,Freins périphériques majeurs. Situation d'illettrisme numérique constatée.,2
ID_SYN_1779,58.0,Bac,5.1,C1110,09769,1.0,0,"Excellente présentation, compétences techniques à jour. Reprise rapide visée.",1
ID_SYN_1780,51.0,Bac+2,8.5,D1502,55571,0.0,0,Freins périphériques majeurs. Situation d'illettrisme numérique constatée.,2
ID_SYN_1781,55.0,,9.0,M1705,16970,0.0,0,"Perte de confiance importante. Risque d'exclusion, barrière de la langue.",2
ID_SYN_1782,54.0,Bac,1.1,H2502,75098,1.0,0,Problème ponctuel de mobilité géographique. Zone mal desservie.,1
ID_SYN_1783,20.0,Sans diplôme,3.3,N1101,31597,1.0,0,"Excellente présentation, compétences techniques à jour. Reprise rapide visée.",1
ID_SYN_1784,29.0,Bac+5,4.0,M1203,45663,1.0,0,"Candidat très dynamique, mobilité nationale validée. Projet clair.",0
ID_SYN_1785,34.0,Bac,5.3,N1301,78704,0.0,0,"Profil autonome, recherche active, aucun frein périphérique identifié.",0
ID_SYN_1786,56.0,Bac+5,12.5,K2101,13528,1.0,0,"Excellente présentation, compétences techniques à jour. Reprise rapide visée.",0
ID_SYN_1787,23.0,Sans diplôme,5.3,A1501,59914,1.0,0,"Candidat très dynamique, mobilité nationale validée. Projet clair.",1
ID_SYN_1788,30.0,Sans diplôme,5.8,K1601,33320,1.0,0,Compétences à réactualiser sur les outils numériques. Motivation correcte.,2
ID_SYN_1789,41.0,Sans diplôme,0.5,G1801,64530,1.0,0,"Candidat très dynamique, mobilité nationale validée. Projet clair.",1
ID_SYN_1790,52.0,Bac+2,0.1,G1601,97130,1.0,0,Projet de reconversion à affiner. Besoin d'une formation complémentaire.,1
ID_SYN_1791,61.0,Bac+5,1.2,K1201,92835,1.0,0,"Perte de confiance importante. Risque d'exclusion, barrière de la langue.",2
ID_SYN_1792,30.0,Sans diplôme,2.4,C1102,49317,0.0,0,"Perte de confiance importante. Risque d'exclusion, barrière de la langue.",2
ID_SYN_1793,34.0,Bac+5,1.6,N4301,42168,1.0,0,Freins périphériques majeurs. Situation d'illettrisme numérique constatée.,1
ID_SYN_1794,19.0,Bac,1.5,M1602,17847,1.0,0,Problème ponctuel de mobilité géographique. Zone mal desservie.,1
ID_SYN_1795,19.0,Sans diplôme,7.0,G1801,95437,0.0,0,Problème ponctuel de mobilité géographique. Zone mal desservie.,2
ID_SYN_1796,60.0,Sans diplôme,0.9,M1802,38081,0.0,0,Compétences à réactualiser sur les outils numériques. Motivation correcte.,2
ID_SYN_1797,52.0,Bac+2,6.7,K1903,09372,1.0,0,Problème ponctuel de mobilité géographique. Zone mal desservie.,1
ID_SYN_1798,57.0,Sans diplôme,14.7,N4301,48227,0.0,0,Projet de reconversion à affiner. Besoin d'une formation complémentaire.,2
ID_SYN_1799,62.0,Bac,10.0,A1401,69770,1.0,0,Cumul de difficultés. Pas de moyen de transport et garde d'enfants complexe.,2
ID_SYN_1800,27.0,Bac+5,3.2,K1304,21848,1.0,0,"Profil autonome, recherche active, aucun frein périphérique identifié.",0
ID_SYN_1801,51.0,Bac+5,1.8,A1203,07879,0.0,0,Cumul de difficultés. Pas de moyen de transport et garde d'enfants complexe.,1
ID_SYN_1802,62.0,Bac+2,2.7,C1302,66612,0.0,0,Problème ponctuel de mobilité géographique. Zone mal desservie.,1
ID_SYN_1803,58.0,Bac,3.7,K1903,04081,1.0,0,"Candidat très dynamique, mobilité nationale validée. Projet clair.",1
ID_SYN_1804,33.0,Bac+2,1.2,D1503,77380,0.0,0,"Profil autonome, recherche active, aucun frein périphérique identifié.",0
ID_SYN_1805,24.0,Bac,1.9,J1301,28889,1.0,0,Problème ponctuel de mobilité géographique. Zone mal desservie.,1
ID_SYN_1806,40.0,Sans diplôme,0.3,K2101,51910,1.0,0,"Excellente présentation, compétences techniques à jour. Reprise rapide visée.",1
ID_SYN_1807,23.0,Sans diplôme,4.6,J1301,16619,0.0,0,"Candidat très dynamique, mobilité nationale validée. Projet clair.",1
ID_SYN_1808,32.0,Bac,2.1,D1502,25226,,0,"Perte de confiance importante. Risque d'exclusion, barrière de la langue.",2
ID_SYN_1809,46.0,Bac,8.9,N1101,89369,1.0,0,"Candidat très dynamique, mobilité nationale validée. Projet clair.",0
ID_SYN_1810,22.0,Bac+2,2.8,M1501,34073,1.0,0,"Profil autonome, recherche active, aucun frein périphérique identifié.",0
ID_SYN_1811,55.0,Sans diplôme,15.2,K1903,95364,1.0,0,"Profil autonome, recherche active, aucun frein périphérique identifié.",1
ID_SYN_1812,61.0,Bac,2.8,K1601,74509,1.0,0,Freins périphériques majeurs. Situation d'illettrisme numérique constatée.,2
ID_SYN_1813,50.0,Bac+5,3.3,A1202,05089,1.0,0,Projet de reconversion à affiner. Besoin d'une formation complémentaire.,0
ID_SYN_1814,19.0,Bac+5,1.1,N1303,75463,1.0,0,"Perte de confiance importante. Risque d'exclusion, barrière de la langue.",1
ID_SYN_1815,58.0,Sans diplôme,4.0,A1501,37697,1.0,1,"Excellente présentation, compétences techniques à jour. Reprise rapide visée.",2
ID_SYN_1816,56.0,Sans diplôme,2.2,K1403,27825,1.0,0,"Candidat très dynamique, mobilité nationale validée. Projet clair.",2
ID_SYN_1817,41.0,Bac+2,0.6,D1401,02880,1.0,0,Freins périphériques majeurs. Situation d'illettrisme numérique constatée.,2
ID_SYN_1818,43.0,Bac+2,6.4,G1302,03956,1.0,0,"Candidat très dynamique, mobilité nationale validée. Projet clair.",0
ID_SYN_1819,59.0,Bac,6.8,A1203,05870,0.0,0,"Perte de confiance importante. Risque d'exclusion, barrière de la langue.",2
ID_SYN_1820,49.0,Bac+5,1.9,M1805,09258,,0,Compétences à réactualiser sur les outils numériques. Motivation correcte.,0
ID_SYN_1821,48.0,Bac+5,5.0,A1203,88981,1.0,0,"Candidat très dynamique, mobilité nationale validée. Projet clair.",0
ID_SYN_1822,56.0,Bac+5,3.1,M1501,58061,1.0,0,Compétences à réactualiser sur les outils numériques. Motivation correcte.,1
ID_SYN_1823,20.0,Bac+2,4.1,H2502,12588,1.0,0,"Candidat très dynamique, mobilité nationale validée. Projet clair.",0
ID_SYN_1824,55.0,Bac,7.5,N1303,73223,0.0,0,"Excellente présentation, compétences techniques à jour. Reprise rapide visée.",0
ID_SYN_1825,44.0,Bac,1.8,K1403,46539,1.0,0,"Excellente présentation, compétences techniques à jour. Reprise rapide visée.",0
ID_SYN_1826,19.0,Sans diplôme,0.6,H2502,57585,1.0,0,"Perte de confiance importante. Risque d'exclusion, barrière de la langue.",2
ID_SYN_1827,28.0,Bac,5.1,N4301,71675,1.0,0,Freins périphériques majeurs. Situation d'illettrisme numérique constatée.,2
ID_SYN_1828,52.0,Sans diplôme,3.8,M1607,45780,1.0,0,Problème ponctuel de mobilité géographique. Zone mal desservie.,2
ID_SYN_1829,56.0,Bac+5,5.1,N1101,52950,1.0,0,"Profil autonome, recherche active, aucun frein périphérique identifié.",0
ID_SYN_1830,19.0,Bac,5.3,M1501,01529,1.0,0,Projet de reconversion à affiner. Besoin d'une formation complémentaire.,1
ID_SYN_1831,61.0,Bac+2,7.0,K1903,16325,1.0,0,"Excellente présentation, compétences techniques à jour. Reprise rapide visée.",1
ID_SYN_1832,51.0,Bac+5,3.7,D1503,76631,1.0,0,"Perte de confiance importante. Risque d'exclusion, barrière de la langue.",1
ID_SYN_1833,48.0,Bac,0.6,C1501,91956,0.0,0,Freins périphériques majeurs. Situation d'illettrisme numérique constatée.,2
ID_SYN_1834,23.0,Sans diplôme,21.8,K1903,19920,1.0,0,Projet de reconversion à affiner. Besoin d'une formation complémentaire.,2
ID_SYN_1835,22.0,Bac+2,7.7,K2111,84656,1.0,0,"Profil autonome, recherche active, aucun frein périphérique identifié.",0
ID_SYN_1836,55.0,Bac+5,0.9,W1401,90192,0.0,0,Problème ponctuel de mobilité géographique. Zone mal desservie.,0
ID_SYN_1837,43.0,Bac,1.3,A1202,92464,1.0,0,"Perte de confiance importante. Risque d'exclusion, barrière de la langue.",2
ID_SYN_1838,18.0,Bac,2.0,M1801,81583,0.0,0,Freins périphériques majeurs. Situation d'illettrisme numérique constatée.,2
ID_SYN_1839,20.0,Bac+2,0.3,N1101,63075,1.0,0,"Candidat très dynamique, mobilité nationale validée. Projet clair.",0
ID_SYN_1840,44.0,Bac,1.8,M1806,65265,0.0,0,"Excellente présentation, compétences techniques à jour. Reprise rapide visée.",0
ID_SYN_1841,28.0,Bac,0.5,K2111,13065,1.0,0,"Candidat très dynamique, mobilité nationale validée. Projet clair.",0
ID_SYN_1842,50.0,Bac+2,0.6,F1603,80116,1.0,0,"Excellente présentation, compétences techniques à jour. Reprise rapide visée.",0
ID_SYN_1843,38.0,Sans diplôme,3.4,M1705,54819,1.0,0,"Profil autonome, recherche active, aucun frein périphérique identifié.",1
ID_SYN_1844,37.0,Bac+2,14.4,K1304,10057,1.0,0,Cumul de difficultés. Pas de moyen de transport et garde d'enfants complexe.,2
ID_SYN_1845,46.0,Bac,3.7,G1203,77763,1.0,1,Compétences à réactualiser sur les outils numériques. Motivation correcte.,1
ID_SYN_1846,32.0,Bac,6.5,G1601,79790,1.0,0,Compétences à réactualiser sur les outils numériques. Motivation correcte.,1
ID_SYN_1847,53.0,Sans diplôme,5.3,F1603,01746,1.0,0,Freins périphériques majeurs. Situation d'illettrisme numérique constatée.,2
ID_SYN_1848,54.0,Bac+2,3.1,D1401,30284,0.0,0,"Candidat très dynamique, mobilité nationale validée. Projet clair.",0
ID_SYN_1849,33.0,Bac+2,1.5,C1110,22552,0.0,0,Projet de reconversion à affiner. Besoin d'une formation complémentaire.,1
ID_SYN_1850,55.0,Bac+2,3.7,N1101,57357,1.0,0,"Excellente présentation, compétences techniques à jour. Reprise rapide visée.",0
ID_SYN_1851,,Bac,5.1,A1301,37556,1.0,0,Freins périphériques majeurs. Situation d'illettrisme numérique constatée.,2
ID_SYN_1852,40.0,Bac+2,7.9,K1601,53602,0.0,0,"Excellente présentation, compétences techniques à jour. Reprise rapide visée.",0
ID_SYN_1853,59.0,Bac,1.6,M1501,25483,0.0,0,Projet de reconversion à affiner. Besoin d'une formation complémentaire.,1
ID_SYN_1854,63.0,Bac,0.8,M1805,25315,1.0,0,Projet de reconversion à affiner. Besoin d'une formation complémentaire.,2
ID_SYN_1855,26.0,Sans diplôme,0.8,A1202,49740,0.0,0,"Perte de confiance importante. Risque d'exclusion, barrière de la langue.",2
ID_SYN_1856,20.0,Bac+5,4.1,G1602,18964,1.0,0,Compétences à réactualiser sur les outils numériques. Motivation correcte.,0
ID_SYN_1857,23.0,Bac,6.4,K1601,29065,0.0,0,Freins périphériques majeurs. Situation d'illettrisme numérique constatée.,2
ID_SYN_1858,37.0,Bac,4.4,M1805,17640,1.0,0,Problème ponctuel de mobilité géographique. Zone mal desservie.,1
ID_SYN_1859,37.0,Sans diplôme,0.6,M1501,22591,1.0,1,Projet de reconversion à affiner. Besoin d'une formation complémentaire.,2
ID_SYN_1860,62.0,Bac+2,6.3,J1506,08821,1.0,0,"Candidat très dynamique, mobilité nationale validée. Projet clair.",1
ID_SYN_1861,20.0,Sans diplôme,1.2,J1301,59959,1.0,0,"Excellente présentation, compétences techniques à jour. Reprise rapide visée.",1
ID_SYN_1862,61.0,Bac+5,4.4,J1506,85677,0.0,0,Cumul de difficultés. Pas de moyen de transport et garde d'enfants complexe.,1
ID_SYN_1863,30.0,Bac+2,1.8,K1201,79619,1.0,0,Projet de reconversion à affiner. Besoin d'une formation complémentaire.,1
ID_SYN_1864,,Sans diplôme,2.0,H2502,37357,1.0,0,Compétences à réactualiser sur les outils numériques. Motivation correcte.,2
ID_SYN_1865,57.0,Bac,3.9,M1607,43872,1.0,0,Cumul de difficultés. Pas de moyen de transport et garde d'enfants complexe.,2
ID_SYN_1866,33.0,Bac+5,1.0,M1806,80325,1.0,0,Cumul de difficultés. Pas de moyen de transport et garde d'enfants complexe.,1
ID_SYN_1867,51.0,Bac+5,8.2,K2111,68763,0.0,0,"Excellente présentation, compétences techniques à jour. Reprise rapide visée.",0
ID_SYN_1868,60.0,Sans diplôme,4.3,D1503,42032,1.0,0,Cumul de difficultés. Pas de moyen de transport et garde d'enfants complexe.,2
ID_SYN_1869,30.0,Bac,1.0,H1206,68852,0.0,1,"Profil autonome, recherche active, aucun frein périphérique identifié.",0
ID_SYN_1870,56.0,Bac,0.6,W1401,91221,1.0,0,Problème ponctuel de mobilité géographique. Zone mal desservie.,2
ID_SYN_1871,24.0,Bac+2,2.3,M1602,69172,1.0,0,Freins périphériques majeurs. Situation d'illettrisme numérique constatée.,2
ID_SYN_1872,19.0,Bac+2,3.5,D1401,85866,1.0,0,"Excellente présentation, compétences techniques à jour. Reprise rapide visée.",0
ID_SYN_1873,24.0,Bac,3.4,K2111,45747,1.0,1,Freins périphériques majeurs. Situation d'illettrisme numérique constatée.,2
ID_SYN_1874,49.0,Bac+2,0.5,A1202,09722,,0,"Perte de confiance importante. Risque d'exclusion, barrière de la langue.",2
ID_SYN_1875,18.0,Bac+5,1.3,K2101,75377,1.0,1,"Candidat très dynamique, mobilité nationale validée. Projet clair.",0
ID_SYN_1876,53.0,Bac,2.7,K1601,58301,1.0,0,Projet de reconversion à affiner. Besoin d'une formation complémentaire.,1
ID_SYN_1877,42.0,Sans diplôme,13.9,A1301,10211,1.0,0,Compétences à réactualiser sur les outils numériques. Motivation correcte.,2
ID_SYN_1878,39.0,Bac,16.0,D1502,06234,1.0,1,"Perte de confiance importante. Risque d'exclusion, barrière de la langue.",2
ID_SYN_1879,62.0,Bac+2,16.4,G1601,57335,0.0,0,"Candidat très dynamique, mobilité nationale validée. Projet clair.",1
ID_SYN_1880,38.0,Bac,6.4,F1603,20884,1.0,1,"Excellente présentation, compétences techniques à jour. Reprise rapide visée.",0
ID_SYN_1881,,Bac+2,0.6,D1502,72003,0.0,1,"Perte de confiance importante. Risque d'exclusion, barrière de la langue.",2
ID_SYN_1882,38.0,,5.1,K1903,17326,1.0,1,"Candidat très dynamique, mobilité nationale validée. Projet clair.",0
ID_SYN_1883,48.0,Bac+5,2.3,D1503,37630,1.0,0,Problème ponctuel de mobilité géographique. Zone mal desservie.,0
ID_SYN_1884,19.0,Bac,0.9,K1304,28969,1.0,0,"Perte de confiance importante. Risque d'exclusion, barrière de la langue.",2
ID_SYN_1885,63.0,Bac+5,10.9,M1705,50828,1.0,0,"Perte de confiance importante. Risque d'exclusion, barrière de la langue.",2
ID_SYN_1886,,Bac+2,2.0,H1206,43215,1.0,0,Cumul de difficultés. Pas de moyen de transport et garde d'enfants complexe.,2
ID_SYN_1887,,Bac,3.1,N1301,11139,1.0,0,Problème ponctuel de mobilité géographique. Zone mal desservie.,1
ID_SYN_1888,29.0,Bac+2,3.0,H1504,54097,1.0,0,"Excellente présentation, compétences techniques à jour. Reprise rapide visée.",0
ID_SYN_1889,31.0,Bac+2,0.3,M1806,74834,1.0,0,Compétences à réactualiser sur les outils numériques. Motivation correcte.,1
ID_SYN_1890,59.0,Bac+2,1.6,H2502,50934,1.0,0,"Excellente présentation, compétences techniques à jour. Reprise rapide visée.",1
ID_SYN_1891,,Bac,3.1,D1503,36274,1.0,0,"Excellente présentation, compétences techniques à jour. Reprise rapide visée.",0
ID_SYN_1892,50.0,,2.5,M1607,70590,0.0,0,Cumul de difficultés. Pas de moyen de transport et garde d'enfants complexe.,2
ID_SYN_1893,35.0,Bac+5,3.9,N1301,21808,1.0,0,Projet de reconversion à affiner. Besoin d'une formation complémentaire.,0
ID_SYN_1894,31.0,Bac+2,2.3,C1501,39424,0.0,1,Freins périphériques majeurs. Situation d'illettrisme numérique constatée.,2
ID_SYN_1895,23.0,Bac,8.1,K2106,09752,0.0,0,Problème ponctuel de mobilité géographique. Zone mal desservie.,1
ID_SYN_1896,61.0,Sans diplôme,0.5,G1601,72819,1.0,0,Problème ponctuel de mobilité géographique. Zone mal desservie.,2
ID_SYN_1897,28.0,Bac,0.9,A1501,14305,0.0,1,Projet de reconversion à affiner. Besoin d'une formation complémentaire.,1
ID_SYN_1898,55.0,Bac+5,9.6,N1303,24451,1.0,0,"Excellente présentation, compétences techniques à jour. Reprise rapide visée.",0
ID_SYN_1899,35.0,Bac+5,2.4,K2101,03715,0.0,0,"Candidat très dynamique, mobilité nationale validée. Projet clair.",0
ID_SYN_1900,54.0,Bac+5,1.3,F1603,80818,0.0,0,Problème ponctuel de mobilité géographique. Zone mal desservie.,0
ID_SYN_1901,51.0,Bac+2,1.9,N1301,33534,0.0,0,Projet de reconversion à affiner. Besoin d'une formation complémentaire.,1
ID_SYN_1902,26.0,Bac+2,3.7,K1403,70323,,0,"Candidat très dynamique, mobilité nationale validée. Projet clair.",0
ID_SYN_1903,50.0,Bac+2,1.6,K1403,85849,1.0,0,Cumul de difficultés. Pas de moyen de transport et garde d'enfants complexe.,2
ID_SYN_1904,20.0,Bac,2.1,K2106,54435,1.0,0,"Candidat très dynamique, mobilité nationale validée. Projet clair.",0
ID_SYN_1905,47.0,Bac+5,2.3,G1602,16143,0.0,0,"Excellente présentation, compétences techniques à jour. Reprise rapide visée.",0
ID_SYN_1906,21.0,Bac,1.2,N4301,03102,1.0,0,"Profil autonome, recherche active, aucun frein périphérique identifié.",0
ID_SYN_1907,30.0,Bac+2,3.9,M1802,40580,1.0,0,Problème ponctuel de mobilité géographique. Zone mal desservie.,1
ID_SYN_1908,19.0,Sans diplôme,1.1,K1403,94439,1.0,0,"Perte de confiance importante. Risque d'exclusion, barrière de la langue.",2
ID_SYN_1909,30.0,Bac+5,2.3,M1801,14275,1.0,0,Problème ponctuel de mobilité géographique. Zone mal desservie.,0
ID_SYN_1910,60.0,Sans diplôme,6.9,A1501,79412,1.0,0,"Perte de confiance importante. Risque d'exclusion, barrière de la langue.",2
ID_SYN_1911,51.0,Bac+5,1.5,A1501,47200,0.0,1,Freins périphériques majeurs. Situation d'illettrisme numérique constatée.,1
ID_SYN_1912,20.0,Bac,3.3,G1302,08849,0.0,0,Cumul de difficultés. Pas de moyen de transport et garde d'enfants complexe.,2
ID_SYN_1913,,Sans diplôme,5.9,H1504,82496,0.0,0,Freins périphériques majeurs. Situation d'illettrisme numérique constatée.,2
ID_SYN_1914,59.0,Bac,3.8,K1201,68367,1.0,0,Freins périphériques majeurs. Situation d'illettrisme numérique constatée.,2
ID_SYN_1915,,Bac+2,9.1,I1304,44273,1.0,0,Problème ponctuel de mobilité géographique. Zone mal desservie.,1
ID_SYN_1916,38.0,Bac,7.5,C1102,81854,0.0,0,"Profil autonome, recherche active, aucun frein périphérique identifié.",0
ID_SYN_1917,63.0,Bac,0.6,J1506,75618,0.0,1,"Profil autonome, recherche active, aucun frein périphérique identifié.",1
ID_SYN_1918,60.0,Bac+5,5.5,A1202,09680,1.0,0,"Profil autonome, recherche active, aucun frein périphérique identifié.",0
ID_SYN_1919,47.0,Sans diplôme,0.7,M1806,65681,1.0,0,Problème ponctuel de mobilité géographique. Zone mal desservie.,2
ID_SYN_1920,37.0,Bac+2,2.8,K1601,34827,0.0,0,"Excellente présentation, compétences techniques à jour. Reprise rapide visée.",0
ID_SYN_1921,36.0,Bac,8.1,K2106,21394,1.0,0,"Excellente présentation, compétences techniques à jour. Reprise rapide visée.",0
ID_SYN_1922,40.0,Bac+5,1.7,D1503,03913,1.0,0,"Profil autonome, recherche active, aucun frein périphérique identifié.",0
ID_SYN_1923,49.0,Bac,0.8,A1401,78554,0.0,1,"Perte de confiance importante. Risque d'exclusion, barrière de la langue.",2
ID_SYN_1924,59.0,Bac+5,13.1,F1603,61862,0.0,0,"Profil autonome, recherche active, aucun frein périphérique identifié.",0
ID_SYN_1925,58.0,Bac+5,0.8,J1506,75261,1.0,0,"Perte de confiance importante. Risque d'exclusion, barrière de la langue.",2
ID_SYN_1926,59.0,Sans diplôme,1.9,W1401,42150,1.0,1,Projet de reconversion à affiner. Besoin d'une formation complémentaire.,2
ID_SYN_1927,22.0,Sans diplôme,10.3,H1206,49546,1.0,0,Compétences à réactualiser sur les outils numériques. Motivation correcte.,2
ID_SYN_1928,45.0,Bac,8.3,J1301,57374,1.0,1,"Profil autonome, recherche active, aucun frein périphérique identifié.",0
ID_SYN_1929,40.0,Bac,3.1,M1602,50394,0.0,0,"Excellente présentation, compétences techniques à jour. Reprise rapide visée.",0
ID_SYN_1930,43.0,Sans diplôme,2.2,K1903,13099,1.0,0,"Perte de confiance importante. Risque d'exclusion, barrière de la langue.",2
ID_SYN_1931,56.0,Bac+5,0.0,D1401,05284,0.0,0,Freins périphériques majeurs. Situation d'illettrisme numérique constatée.,1
ID_SYN_1932,19.0,,3.8,M1805,75972,1.0,0,"Excellente présentation, compétences techniques à jour. Reprise rapide visée.",0
ID_SYN_1933,63.0,Sans diplôme,8.8,A1301,81525,0.0,1,Projet de reconversion à affiner. Besoin d'une formation complémentaire.,2
ID_SYN_1934,,Bac+5,4.8,C1110,36039,1.0,0,Freins périphériques majeurs. Situation d'illettrisme numérique constatée.,1
ID_SYN_1935,46.0,Bac+2,4.9,K1403,80451,1.0,0,Projet de reconversion à affiner. Besoin d'une formation complémentaire.,1
ID_SYN_1936,43.0,Sans diplôme,1.7,N1101,38184,1.0,0,"Profil autonome, recherche active, aucun frein périphérique identifié.",1
ID_SYN_1937,,Bac+5,5.2,K2101,41160,1.0,0,"Excellente présentation, compétences techniques à jour. Reprise rapide visée.",0
ID_SYN_1938,57.0,Bac+2,3.5,M1805,43809,1.0,0,"Candidat très dynamique, mobilité nationale validée. Projet clair.",1
ID_SYN_1939,30.0,Bac,0.6,C1501,15113,0.0,0,Projet de reconversion à affiner. Besoin d'une formation complémentaire.,1
ID_SYN_1940,26.0,Sans diplôme,2.4,M1602,32359,0.0,0,"Excellente présentation, compétences techniques à jour. Reprise rapide visée.",1
ID_SYN_1941,19.0,Bac,2.1,N1303,78027,1.0,1,Cumul de difficultés. Pas de moyen de transport et garde d'enfants complexe.,2
ID_SYN_1942,36.0,Bac+2,2.6,D1406,46231,1.0,0,"Perte de confiance importante. Risque d'exclusion, barrière de la langue.",2
ID_SYN_1943,56.0,Sans diplôme,4.1,K1403,87288,0.0,0,Freins périphériques majeurs. Situation d'illettrisme numérique constatée.,2
ID_SYN_1944,46.0,Bac+5,2.7,M1805,42259,1.0,0,"Perte de confiance importante. Risque d'exclusion, barrière de la langue.",1
ID_SYN_1945,30.0,Bac+2,1.8,G1203,55499,0.0,0,Problème ponctuel de mobilité géographique. Zone mal desservie.,1
ID_SYN_1946,41.0,Bac+5,2.8,M1607,65927,0.0,0,Cumul de difficultés. Pas de moyen de transport et garde d'enfants complexe.,1
ID_SYN_1947,53.0,Bac+5,3.9,N1301,45952,1.0,0,"Excellente présentation, compétences techniques à jour. Reprise rapide visée.",0
ID_SYN_1948,48.0,Bac,10.2,D1406,28664,1.0,0,Cumul de difficultés. Pas de moyen de transport et garde d'enfants complexe.,2
ID_SYN_1949,27.0,Bac+2,3.6,K2106,78396,1.0,0,"Perte de confiance importante. Risque d'exclusion, barrière de la langue.",2
ID_SYN_1950,41.0,Bac+2,1.5,N1303,78460,1.0,0,Freins périphériques majeurs. Situation d'illettrisme numérique constatée.,2
ID_SYN_1951,55.0,Bac,2.2,M1602,83187,0.0,0,"Perte de confiance importante. Risque d'exclusion, barrière de la langue.",2
ID_SYN_1952,31.0,Sans diplôme,6.3,G1801,78449,1.0,0,"Profil autonome, recherche active, aucun frein périphérique identifié.",1
ID_SYN_1953,18.0,Bac,3.6,J1301,35782,1.0,0,"Candidat très dynamique, mobilité nationale validée. Projet clair.",0
ID_SYN_1954,,Bac,1.1,K1201,07260,1.0,0,Compétences à réactualiser sur les outils numériques. Motivation correcte.,1
ID_SYN_1955,18.0,Bac+5,4.5,A1203,66765,1.0,0,"Perte de confiance importante. Risque d'exclusion, barrière de la langue.",1
ID_SYN_1956,61.0,Bac+2,2.5,K1903,77044,1.0,0,Compétences à réactualiser sur les outils numériques. Motivation correcte.,2
ID_SYN_1957,62.0,Bac+2,7.0,M1203,96121,0.0,0,"Perte de confiance importante. Risque d'exclusion, barrière de la langue.",2
ID_SYN_1958,20.0,Bac,6.5,K1601,03711,1.0,0,"Profil autonome, recherche active, aucun frein périphérique identifié.",0
ID_SYN_1959,29.0,Bac+5,3.4,J1506,22215,0.0,0,"Candidat très dynamique, mobilité nationale validée. Projet clair.",0
ID_SYN_1960,22.0,Sans diplôme,0.5,K2111,91643,0.0,1,"Candidat très dynamique, mobilité nationale validée. Projet clair.",1
ID_SYN_1961,28.0,Sans diplôme,3.5,F1603,09648,1.0,0,Compétences à réactualiser sur les outils numériques. Motivation correcte.,2
ID_SYN_1962,48.0,Bac+5,0.7,H1206,16917,,0,Freins périphériques majeurs. Situation d'illettrisme numérique constatée.,1
ID_SYN_1963,47.0,Bac+5,3.4,C1102,47695,1.0,0,"Candidat très dynamique, mobilité nationale validée. Projet clair.",0
ID_SYN_1964,28.0,Bac,2.7,M1705,12327,0.0,1,Compétences à réactualiser sur les outils numériques. Motivation correcte.,1
ID_SYN_1965,19.0,Sans diplôme,3.1,K1601,83781,1.0,0,"Profil autonome, recherche active, aucun frein périphérique identifié.",1
ID_SYN_1966,62.0,Bac,1.6,W1401,53751,1.0,0,Cumul de difficultés. Pas de moyen de transport et garde d'enfants complexe.,2
ID_SYN_1967,37.0,Sans diplôme,1.3,N4101,30720,1.0,0,Projet de reconversion à affiner. Besoin d'une formation complémentaire.,2
ID_SYN_1968,19.0,Bac+5,2.8,M1802,49348,1.0,0,"Excellente présentation, compétences techniques à jour. Reprise rapide visée.",0
ID_SYN_1969,43.0,Sans diplôme,0.8,M1802,45397,0.0,0,"Excellente présentation, compétences techniques à jour. Reprise rapide visée.",1
ID_SYN_1970,22.0,Bac+5,2.7,M1607,69224,1.0,0,Projet de reconversion à affiner. Besoin d'une formation complémentaire.,0
ID_SYN_1971,29.0,Sans diplôme,1.3,C1201,82912,1.0,1,"Excellente présentation, compétences techniques à jour. Reprise rapide visée.",1
ID_SYN_1972,47.0,Bac+5,3.3,G1601,06103,0.0,0,"Perte de confiance importante. Risque d'exclusion, barrière de la langue.",1
ID_SYN_1973,39.0,Sans diplôme,3.6,I1304,21058,,0,"Candidat très dynamique, mobilité nationale validée. Projet clair.",1
ID_SYN_1974,22.0,Bac+5,1.1,G1602,97813,,0,Freins périphériques majeurs. Situation d'illettrisme numérique constatée.,1
ID_SYN_1975,50.0,Sans diplôme,3.1,K2106,80024,0.0,0,Problème ponctuel de mobilité géographique. Zone mal desservie.,2
ID_SYN_1976,29.0,Sans diplôme,0.9,C1201,24936,,0,"Excellente présentation, compétences techniques à jour. Reprise rapide visée.",1
ID_SYN_1977,59.0,Bac+2,2.2,N4301,71950,0.0,0,Cumul de difficultés. Pas de moyen de transport et garde d'enfants complexe.,2
ID_SYN_1978,26.0,Sans diplôme,1.9,G1602,73399,1.0,0,Cumul de difficultés. Pas de moyen de transport et garde d'enfants complexe.,2
ID_SYN_1979,40.0,Sans diplôme,3.5,C1102,87231,1.0,0,"Perte de confiance importante. Risque d'exclusion, barrière de la langue.",2
ID_SYN_1980,32.0,Bac+2,1.2,C1110,63518,0.0,1,Compétences à réactualiser sur les outils numériques. Motivation correcte.,1
ID_SYN_1981,,Bac+5,5.2,F1603,11749,0.0,0,Cumul de difficultés. Pas de moyen de transport et garde d'enfants complexe.,1
ID_SYN_1982,35.0,Sans diplôme,1.0,K1601,29628,1.0,0,Compétences à réactualiser sur les outils numériques. Motivation correcte.,2
ID_SYN_1983,43.0,Sans diplôme,1.0,J1506,01692,1.0,0,"Profil autonome, recherche active, aucun frein périphérique identifié.",1
ID_SYN_1984,31.0,Bac+5,2.5,M1203,32183,1.0,0,Freins périphériques majeurs. Situation d'illettrisme numérique constatée.,1
ID_SYN_1985,50.0,Sans diplôme,4.7,C1302,54021,0.0,0,"Excellente présentation, compétences techniques à jour. Reprise rapide visée.",1
ID_SYN_1986,37.0,Bac,2.8,N1301,56079,0.0,0,Projet de reconversion à affiner. Besoin d'une formation complémentaire.,1
ID_SYN_1987,56.0,Bac+2,10.7,N1101,17802,0.0,0,"Candidat très dynamique, mobilité nationale validée. Projet clair.",1
ID_SYN_1988,57.0,Bac+5,1.6,D1503,33767,,0,Compétences à réactualiser sur les outils numériques. Motivation correcte.,1
ID_SYN_1989,50.0,Bac+2,3.1,M1501,01369,0.0,0,Projet de reconversion à affiner. Besoin d'une formation complémentaire.,1
ID_SYN_1990,23.0,Bac+2,3.5,K1304,19924,0.0,0,"Profil autonome, recherche active, aucun frein périphérique identifié.",0
ID_SYN_1991,54.0,Bac+2,7.2,M1805,69008,1.0,1,"Perte de confiance importante. Risque d'exclusion, barrière de la langue.",2
ID_SYN_1992,28.0,Bac,1.1,D1406,88275,1.0,0,"Excellente présentation, compétences techniques à jour. Reprise rapide visée.",0
ID_SYN_1993,33.0,Bac+2,1.7,A1202,57792,1.0,0,"Candidat très dynamique, mobilité nationale validée. Projet clair.",0
ID_SYN_1994,52.0,Sans diplôme,12.2,D1502,55185,0.0,0,"Candidat très dynamique, mobilité nationale validée. Projet clair.",1
ID_SYN_1995,38.0,Bac,0.6,N4301,70414,0.0,0,Freins périphériques majeurs. Situation d'illettrisme numérique constatée.,2
ID_SYN_1996,41.0,Bac,1.4,K1601,52196,0.0,0,"Candidat très dynamique, mobilité nationale validée. Projet clair.",0
ID_SYN_1997,42.0,Bac,4.8,I1304,29688,0.0,0,Freins périphériques majeurs. Situation d'illettrisme numérique constatée.,2
ID_SYN_1998,20.0,Bac+2,1.1,K2106,34398,0.0,0,"Excellente présentation, compétences techniques à jour. Reprise rapide visée.",0
ID_SYN_1999,56.0,Bac,5.1,A1501,75338,1.0,0,Compétences à réactualiser sur les outils numériques. Motivation correcte.,2
ID_SYN_2000,51.0,Sans diplôme,0.2,M1705,76289,0.0,0,Cumul de difficultés. Pas de moyen de transport et garde d'enfants complexe.,2
ID_SYN_2001,62.0,Bac,2.0,A1203,43909,1.0,0,Problème ponctuel de mobilité géographique. Zone mal desservie.,2
ID_SYN_2002,63.0,Bac+2,3.9,C1110,97025,0.0,0,Problème ponctuel de mobilité géographique. Zone mal desservie.,1
ID_SYN_2003,48.0,Bac+2,4.6,M1805,79849,1.0,0,"Perte de confiance importante. Risque d'exclusion, barrière de la langue.",2
ID_SYN_2004,34.0,Bac,2.2,A1301,45059,1.0,0,"Excellente présentation, compétences techniques à jour. Reprise rapide visée.",0
ID_SYN_2005,53.0,Bac+2,4.8,A1203,91404,1.0,0,Cumul de difficultés. Pas de moyen de transport et garde d'enfants complexe.,2
ID_SYN_2006,35.0,Bac+2,2.3,J1506,71120,1.0,0,Freins périphériques majeurs. Situation d'illettrisme numérique constatée.,2
ID_SYN_2007,26.0,Sans diplôme,5.5,D1503,97734,,0,Problème ponctuel de mobilité géographique. Zone mal desservie.,2
ID_SYN_2008,45.0,Bac,0.8,G1302,85281,0.0,0,Projet de reconversion à affiner. Besoin d'une formation complémentaire.,1
ID_SYN_2009,28.0,Bac,4.5,C1102,33809,0.0,0,Projet de reconversion à affiner. Besoin d'une formation complémentaire.,1
ID_SYN_2010,40.0,Bac,4.6,K2111,22893,1.0,0,"Candidat très dynamique, mobilité nationale validée. Projet clair.",0
ID_SYN_2011,32.0,Bac+2,16.5,J1506,44351,1.0,0,"Profil autonome, recherche active, aucun frein périphérique identifié.",0
ID_SYN_2012,43.0,Bac,0.5,H1504,60291,1.0,0,"Excellente présentation, compétences techniques à jour. Reprise rapide visée.",0
ID_SYN_2013,37.0,Sans diplôme,2.3,D1406,23553,,0,"Candidat très dynamique, mobilité nationale validée. Projet clair.",1
ID_SYN_2014,40.0,Bac,1.1,C1302,39666,0.0,0,"Profil autonome, recherche active, aucun frein périphérique identifié.",0
ID_SYN_2015,28.0,Bac+2,3.8,H2502,83199,0.0,0,"Profil autonome, recherche active, aucun frein périphérique identifié.",0
ID_SYN_2016,28.0,Bac+2,2.7,K1601,50556,1.0,0,Problème ponctuel de mobilité géographique. Zone mal desservie.,1
ID_SYN_2017,,Bac,2.2,C1102,21648,1.0,0,Projet de reconversion à affiner. Besoin d'une formation complémentaire.,1
ID_SYN_2018,29.0,Sans diplôme,4.4,N1301,69191,0.0,0,"Candidat très dynamique, mobilité nationale validée. Projet clair.",1
ID_SYN_2019,28.0,Bac+5,1.2,K1304,21630,1.0,0,"Excellente présentation, compétences techniques à jour. Reprise rapide visée.",0
ID_SYN_2020,38.0,Bac+2,2.6,M1705,59336,0.0,0,Problème ponctuel de mobilité géographique. Zone mal desservie.,1
ID_SYN_2021,49.0,Bac,11.9,D1406,54191,1.0,0,Compétences à réactualiser sur les outils numériques. Motivation correcte.,1
ID_SYN_2022,30.0,Bac+2,0.5,A1401,31112,0.0,0,Problème ponctuel de mobilité géographique. Zone mal desservie.,1
ID_SYN_2023,38.0,Bac,2.2,A1401,68889,1.0,0,Problème ponctuel de mobilité géographique. Zone mal desservie.,1
ID_SYN_2024,50.0,Bac+5,0.3,A1501,32653,0.0,0,Cumul de difficultés. Pas de moyen de transport et garde d'enfants complexe.,1
ID_SYN_2025,48.0,Sans diplôme,2.1,C1302,24371,0.0,0,Cumul de difficultés. Pas de moyen de transport et garde d'enfants complexe.,2
ID_SYN_2026,,Bac,0.3,K2106,20375,0.0,0,Projet de reconversion à affiner. Besoin d'une formation complémentaire.,1
ID_SYN_2027,46.0,Sans diplôme,5.2,K1403,22578,1.0,0,"Excellente présentation, compétences techniques à jour. Reprise rapide visée.",1
ID_SYN_2028,24.0,,2.2,W1401,88147,0.0,0,Compétences à réactualiser sur les outils numériques. Motivation correcte.,1
ID_SYN_2029,49.0,Bac+5,1.1,C1102,91171,0.0,0,Projet de reconversion à affiner. Besoin d'une formation complémentaire.,0
ID_SYN_2030,41.0,,6.0,A1401,83686,1.0,0,"Excellente présentation, compétences techniques à jour. Reprise rapide visée.",0
ID_SYN_2031,32.0,Bac+2,7.8,K2101,85621,,0,Projet de reconversion à affiner. Besoin d'une formation complémentaire.,1
ID_SYN_2032,41.0,Bac,4.7,K1601,38641,1.0,0,Cumul de difficultés. Pas de moyen de transport et garde d'enfants complexe.,2
ID_SYN_2033,45.0,Bac+5,1.8,M1705,06565,0.0,0,Cumul de difficultés. Pas de moyen de transport et garde d'enfants complexe.,1
ID_SYN_2034,24.0,Bac,5.1,A1202,87774,1.0,0,Compétences à réactualiser sur les outils numériques. Motivation correcte.,1
ID_SYN_2035,52.0,Bac,2.4,G1302,70472,0.0,0,Cumul de difficultés. Pas de moyen de transport et garde d'enfants complexe.,2
ID_SYN_2036,59.0,Bac,1.2,D1503,43158,1.0,0,Cumul de difficultés. Pas de moyen de transport et garde d'enfants complexe.,2
ID_SYN_2037,41.0,Sans diplôme,0.7,M1203,94623,0.0,0,Compétences à réactualiser sur les outils numériques. Motivation correcte.,2
ID_SYN_2038,,Bac,0.9,K1403,82014,0.0,0,Cumul de difficultés. Pas de moyen de transport et garde d'enfants complexe.,2
ID_SYN_2039,50.0,,5.3,D1401,17484,1.0,1,Cumul de difficultés. Pas de moyen de transport et garde d'enfants complexe.,2
ID_SYN_2040,47.0,Bac,16.2,C1201,73848,0.0,0,Cumul de difficultés. Pas de moyen de transport et garde d'enfants complexe.,2
ID_SYN_2041,54.0,Bac+2,5.4,M1203,63081,1.0,1,Problème ponctuel de mobilité géographique. Zone mal desservie.,1
ID_SYN_2042,57.0,Bac+5,1.7,M1802,09410,1.0,0,Cumul de difficultés. Pas de moyen de transport et garde d'enfants complexe.,2
ID_SYN_2043,31.0,Bac,0.8,N1303,23396,0.0,0,"Candidat très dynamique, mobilité nationale validée. Projet clair.",0
ID_SYN_2044,55.0,Bac+2,7.6,F1603,56023,0.0,0,Compétences à réactualiser sur les outils numériques. Motivation correcte.,1
ID_SYN_2045,20.0,Sans diplôme,0.3,G1602,34010,1.0,0,Projet de reconversion à affiner. Besoin d'une formation complémentaire.,2
ID_SYN_2046,59.0,Bac+5,1.0,D1210,47488,0.0,1,"Perte de confiance importante. Risque d'exclusion, barrière de la langue.",1
ID_SYN_2047,40.0,Bac,3.0,N1303,89572,1.0,0,"Profil autonome, recherche active, aucun frein périphérique identifié.",0
ID_SYN_2048,35.0,Bac,1.1,M1805,12089,0.0,0,Compétences à réactualiser sur les outils numériques. Motivation correcte.,1
ID_SYN_2049,62.0,Bac,4.7,K2101,03948,1.0,0,Cumul de difficultés. Pas de moyen de transport et garde d'enfants complexe.,2
ID_SYN_2050,36.0,Bac+2,5.6,G1302,44457,1.0,0,Problème ponctuel de mobilité géographique. Zone mal desservie.,1
ID_SYN_2051,32.0,Sans diplôme,6.5,A1301,38971,1.0,0,"Excellente présentation, compétences techniques à jour. Reprise rapide visée.",1
ID_SYN_2052,38.0,Sans diplôme,0.1,N4301,47538,0.0,1,"Profil autonome, recherche active, aucun frein périphérique identifié.",1
ID_SYN_2053,31.0,Bac,2.0,C1501,14392,1.0,0,"Profil autonome, recherche active, aucun frein périphérique identifié.",0
ID_SYN_2054,20.0,Bac+2,2.2,K2111,07334,1.0,0,Projet de reconversion à affiner. Besoin d'une formation complémentaire.,1
ID_SYN_2055,35.0,Sans diplôme,2.8,C1302,54083,1.0,0,"Profil autonome, recherche active, aucun frein périphérique identifié.",1
ID_SYN_2056,60.0,,7.1,C1102,81199,1.0,0,Projet de reconversion à affiner. Besoin d'une formation complémentaire.,2
ID_SYN_2057,61.0,Bac,0.6,J1506,73423,,0,Cumul de difficultés. Pas de moyen de transport et garde d'enfants complexe.,2
ID_SYN_2058,19.0,Bac,20.0,A1203,77820,1.0,0,Compétences à réactualiser sur les outils numériques. Motivation correcte.,1
ID_SYN_2059,61.0,Bac+2,0.7,F1603,91229,0.0,0,Compétences à réactualiser sur les outils numériques. Motivation correcte.,1
ID_SYN_2060,23.0,Bac,5.2,N1303,55461,0.0,0,Projet de reconversion à affiner. Besoin d'une formation complémentaire.,1
ID_SYN_2061,57.0,Bac+5,2.9,C1302,08594,1.0,0,"Excellente présentation, compétences techniques à jour. Reprise rapide visée.",0
ID_SYN_2062,50.0,Bac+2,7.9,C1110,71677,1.0,0,"Candidat très dynamique, mobilité nationale validée. Projet clair.",0
ID_SYN_2063,49.0,Bac,2.3,N4301,54382,0.0,0,Problème ponctuel de mobilité géographique. Zone mal desservie.,1
ID_SYN_2064,51.0,Bac+5,6.3,A1501,32475,0.0,0,Problème ponctuel de mobilité géographique. Zone mal desservie.,0
ID_SYN_2065,40.0,Bac,4.3,C1302,69115,0.0,1,"Candidat très dynamique, mobilité nationale validée. Projet clair.",0
ID_SYN_2066,37.0,Bac+5,2.5,F1603,65536,1.0,0,"Excellente présentation, compétences techniques à jour. Reprise rapide visée.",0
ID_SYN_2067,20.0,Bac,1.5,C1201,98824,1.0,0,Projet de reconversion à affiner. Besoin d'une formation complémentaire.,1
ID_SYN_2068,63.0,Bac+5,18.4,K2106,27631,0.0,0,Compétences à réactualiser sur les outils numériques. Motivation correcte.,1
ID_SYN_2069,56.0,Bac,8.5,C1501,90772,1.0,0,"Perte de confiance importante. Risque d'exclusion, barrière de la langue.",2
ID_SYN_2070,54.0,Bac,2.6,G1203,45634,0.0,0,"Profil autonome, recherche active, aucun frein périphérique identifié.",0
ID_SYN_2071,57.0,Bac+5,7.1,M1801,64605,0.0,0,Freins périphériques majeurs. Situation d'illettrisme numérique constatée.,1
ID_SYN_2072,50.0,Bac+2,0.4,G1601,06287,1.0,1,"Candidat très dynamique, mobilité nationale validée. Projet clair.",0
ID_SYN_2073,33.0,Bac,0.8,H1206,40117,1.0,1,"Profil autonome, recherche active, aucun frein périphérique identifié.",0
ID_SYN_2074,30.0,Bac+5,0.7,A1301,28782,1.0,0,"Perte de confiance importante. Risque d'exclusion, barrière de la langue.",1
ID_SYN_2075,38.0,Bac,3.5,N1101,91959,0.0,0,Freins périphériques majeurs. Situation d'illettrisme numérique constatée.,2
ID_SYN_2076,,Bac+5,1.6,G1601,38455,,0,Projet de reconversion à affiner. Besoin d'une formation complémentaire.,0
ID_SYN_2077,63.0,Bac+5,10.8,J1301,79361,1.0,0,Problème ponctuel de mobilité géographique. Zone mal desservie.,1
ID_SYN_2078,28.0,Bac+2,1.5,W1401,87084,1.0,0,"Perte de confiance importante. Risque d'exclusion, barrière de la langue.",2
ID_SYN_2079,42.0,Bac+2,0.5,C1102,69447,1.0,0,Freins périphériques majeurs. Situation d'illettrisme numérique constatée.,2
ID_SYN_2080,31.0,Bac,1.4,C1501,44300,1.0,1,"Profil autonome, recherche active, aucun frein périphérique identifié.",0
ID_SYN_2081,57.0,Bac,8.2,D1401,25952,1.0,0,"Profil autonome, recherche active, aucun frein périphérique identifié.",1
ID_SYN_2082,29.0,Bac+5,1.8,J1301,74913,0.0,0,"Perte de confiance importante. Risque d'exclusion, barrière de la langue.",1
ID_SYN_2083,30.0,Bac+5,6.6,C1501,53165,1.0,1,Freins périphériques majeurs. Situation d'illettrisme numérique constatée.,1
ID_SYN_2084,33.0,Bac,8.0,N4101,29299,1.0,0,Problème ponctuel de mobilité géographique. Zone mal desservie.,1
ID_SYN_2085,46.0,Bac+5,2.9,M1802,32976,1.0,0,"Excellente présentation, compétences techniques à jour. Reprise rapide visée.",0
ID_SYN_2086,56.0,Bac,3.6,A1202,46178,1.0,0,"Candidat très dynamique, mobilité nationale validée. Projet clair.",1
ID_SYN_2087,56.0,Bac+5,11.5,H1206,04924,0.0,0,"Perte de confiance importante. Risque d'exclusion, barrière de la langue.",1
ID_SYN_2088,53.0,Bac+5,12.4,K1201,87627,1.0,0,Problème ponctuel de mobilité géographique. Zone mal desservie.,0
ID_SYN_2089,44.0,Bac+5,4.9,D1502,02957,1.0,0,Projet de reconversion à affiner. Besoin d'une formation complémentaire.,0
ID_SYN_2090,57.0,Bac+5,7.3,K2106,42116,1.0,0,"Profil autonome, recherche active, aucun frein périphérique identifié.",0
ID_SYN_2091,26.0,,2.8,J1301,71971,0.0,0,"Candidat très dynamique, mobilité nationale validée. Projet clair.",0
ID_SYN_2092,49.0,Bac+2,3.4,A1203,22527,1.0,0,Compétences à réactualiser sur les outils numériques. Motivation correcte.,1
ID_SYN_2093,42.0,Bac,20.7,I1304,09205,1.0,0,"Perte de confiance importante. Risque d'exclusion, barrière de la langue.",2
ID_SYN_2094,24.0,Sans diplôme,5.7,M1805,26340,1.0,0,Projet de reconversion à affiner. Besoin d'une formation complémentaire.,2
ID_SYN_2095,54.0,Bac,11.6,I1304,70181,1.0,0,Projet de reconversion à affiner. Besoin d'une formation complémentaire.,1
ID_SYN_2096,39.0,Bac+2,2.4,A1401,60393,1.0,0,"Excellente présentation, compétences techniques à jour. Reprise rapide visée.",0
ID_SYN_2097,63.0,Sans diplôme,1.2,M1802,54888,0.0,0,Freins périphériques majeurs. Situation d'illettrisme numérique constatée.,2
ID_SYN_2098,29.0,Sans diplôme,2.8,K1304,59024,1.0,0,Freins périphériques majeurs. Situation d'illettrisme numérique constatée.,2
ID_SYN_2099,40.0,Bac,9.7,N4301,54955,1.0,0,"Perte de confiance importante. Risque d'exclusion, barrière de la langue.",2
ID_SYN_2100,37.0,Bac+2,3.6,N1303,82971,1.0,0,Freins périphériques majeurs. Situation d'illettrisme numérique constatée.,2
ID_SYN_2101,55.0,Bac+5,11.9,W1401,35543,,0,Projet de reconversion à affiner. Besoin d'une formation complémentaire.,0
ID_SYN_2102,,Bac+5,1.3,D1406,60489,0.0,1,"Profil autonome, recherche active, aucun frein périphérique identifié.",0
ID_SYN_2103,34.0,Bac+5,4.8,D1406,46185,0.0,0,Problème ponctuel de mobilité géographique. Zone mal desservie.,0
ID_SYN_2104,56.0,Bac,0.7,D1210,89871,1.0,0,"Profil autonome, recherche active, aucun frein périphérique identifié.",1
ID_SYN_2105,49.0,Bac+2,14.0,K2101,88770,0.0,0,"Profil autonome, recherche active, aucun frein périphérique identifié.",0
ID_SYN_2106,22.0,Bac,2.0,D1502,59653,,0,"Profil autonome, recherche active, aucun frein périphérique identifié.",0
ID_SYN_2107,25.0,Bac+2,2.7,M1602,43339,0.0,0,Problème ponctuel de mobilité géographique. Zone mal desservie.,1
ID_SYN_2108,,Bac+5,8.4,G1302,38324,0.0,0,"Perte de confiance importante. Risque d'exclusion, barrière de la langue.",1
ID_SYN_2109,29.0,Bac,3.3,K2111,15192,0.0,0,Freins périphériques majeurs. Situation d'illettrisme numérique constatée.,2
ID_SYN_2110,40.0,Bac+5,1.4,A1501,02836,1.0,0,Problème ponctuel de mobilité géographique. Zone mal desservie.,0
ID_SYN_2111,46.0,Bac+2,0.3,C1110,83348,1.0,0,Problème ponctuel de mobilité géographique. Zone mal desservie.,1
ID_SYN_2112,37.0,Bac,3.4,N1303,91017,0.0,0,Freins périphériques majeurs. Situation d'illettrisme numérique constatée.,2
ID_SYN_2113,56.0,Bac,0.8,F1603,16071,1.0,0,Cumul de difficultés. Pas de moyen de transport et garde d'enfants complexe.,2
ID_SYN_2114,61.0,Sans diplôme,11.0,M1501,59935,0.0,0,"Profil autonome, recherche active, aucun frein périphérique identifié.",1
ID_SYN_2115,24.0,Sans diplôme,14.9,J1301,90226,1.0,0,"Perte de confiance importante. Risque d'exclusion, barrière de la langue.",2
ID_SYN_2116,20.0,Sans diplôme,2.7,F1603,54095,0.0,0,Freins périphériques majeurs. Situation d'illettrisme numérique constatée.,2
ID_SYN_2117,37.0,Bac+5,0.7,K2111,19825,0.0,0,"Perte de confiance importante. Risque d'exclusion, barrière de la langue.",1
ID_SYN_2118,34.0,Bac+5,1.2,C1102,52558,1.0,0,Problème ponctuel de mobilité géographique. Zone mal desservie.,0
ID_SYN_2119,52.0,Bac+2,19.2,M1806,35722,0.0,1,Projet de reconversion à affiner. Besoin d'une formation complémentaire.,1
ID_SYN_2120,40.0,Sans diplôme,3.0,M1501,19185,1.0,1,Projet de reconversion à affiner. Besoin d'une formation complémentaire.,2
ID_SYN_2121,28.0,Bac,3.4,W1401,90373,1.0,0,Cumul de difficultés. Pas de moyen de transport et garde d'enfants complexe.,2
ID_SYN_2122,51.0,Bac,3.0,D1210,17629,0.0,0,Compétences à réactualiser sur les outils numériques. Motivation correcte.,1
ID_SYN_2123,34.0,Sans diplôme,3.0,M1805,72078,0.0,0,"Profil autonome, recherche active, aucun frein périphérique identifié.",1
ID_SYN_2124,36.0,Bac+2,0.9,G1602,80376,0.0,1,Problème ponctuel de mobilité géographique. Zone mal desservie.,1
ID_SYN_2125,36.0,Bac+2,2.6,H1504,60226,1.0,0,"Candidat très dynamique, mobilité nationale validée. Projet clair.",0
ID_SYN_2126,29.0,Bac,0.3,C1102,47784,1.0,0,Freins périphériques majeurs. Situation d'illettrisme numérique constatée.,2
ID_SYN_2127,24.0,Bac,1.8,W1401,87078,1.0,0,Cumul de difficultés. Pas de moyen de transport et garde d'enfants complexe.,2
ID_SYN_2128,41.0,Bac+5,0.9,N1303,83289,1.0,0,Projet de reconversion à affiner. Besoin d'une formation complémentaire.,0
ID_SYN_2129,46.0,Bac,2.2,K2101,66172,1.0,0,"Perte de confiance importante. Risque d'exclusion, barrière de la langue.",2
ID_SYN_2130,50.0,Sans diplôme,3.0,N4101,06004,0.0,0,Freins périphériques majeurs. Situation d'illettrisme numérique constatée.,2
ID_SYN_2131,45.0,Bac,2.2,H2502,07798,0.0,0,"Profil autonome, recherche active, aucun frein périphérique identifié.",0
ID_SYN_2132,40.0,Bac+5,4.6,I1304,96379,1.0,0,"Perte de confiance importante. Risque d'exclusion, barrière de la langue.",1
ID_SYN_2133,50.0,Bac+2,2.3,K2111,24056,0.0,0,"Candidat très dynamique, mobilité nationale validée. Projet clair.",0
ID_SYN_2134,24.0,Bac,7.6,K1403,78803,0.0,1,"Perte de confiance importante. Risque d'exclusion, barrière de la langue.",2
ID_SYN_2135,28.0,Sans diplôme,4.9,M1801,18445,1.0,0,"Profil autonome, recherche active, aucun frein périphérique identifié.",1
ID_SYN_2136,21.0,Bac+2,4.7,D1406,72589,1.0,0,"Profil autonome, recherche active, aucun frein périphérique identifié.",0
ID_SYN_2137,30.0,Bac+5,1.5,M1806,90198,0.0,0,Projet de reconversion à affiner. Besoin d'une formation complémentaire.,0
ID_SYN_2138,38.0,Sans diplôme,6.2,H1206,51997,1.0,1,Problème ponctuel de mobilité géographique. Zone mal desservie.,2
ID_SYN_2139,28.0,Bac+2,1.9,H1206,70434,1.0,0,"Profil autonome, recherche active, aucun frein périphérique identifié.",0
ID_SYN_2140,43.0,Bac+2,2.5,M1203,94141,1.0,1,Projet de reconversion à affiner. Besoin d'une formation complémentaire.,1
ID_SYN_2141,46.0,Bac,2.3,M1203,43516,1.0,0,"Perte de confiance importante. Risque d'exclusion, barrière de la langue.",2
ID_SYN_2142,,Bac,0.7,A1202,26448,1.0,0,"Profil autonome, recherche active, aucun frein périphérique identifié.",0
ID_SYN_2143,54.0,Bac+2,4.0,C1201,64074,1.0,0,Projet de reconversion à affiner. Besoin d'une formation complémentaire.,1
ID_SYN_2144,47.0,Sans diplôme,1.1,G1302,05940,1.0,0,"Profil autonome, recherche active, aucun frein périphérique identifié.",1
ID_SYN_2145,23.0,Bac,2.8,G1801,43960,0.0,0,Projet de reconversion à affiner. Besoin d'une formation complémentaire.,1
ID_SYN_2146,45.0,Sans diplôme,1.2,K1601,96399,1.0,0,"Perte de confiance importante. Risque d'exclusion, barrière de la langue.",2
ID_SYN_2147,18.0,Bac,6.6,A1203,82365,1.0,0,Compétences à réactualiser sur les outils numériques. Motivation correcte.,1
ID_SYN_2148,35.0,Bac+5,4.7,A1301,47381,1.0,0,Projet de reconversion à affiner. Besoin d'une formation complémentaire.,0
ID_SYN_2149,42.0,Bac,2.0,K1601,74595,,0,Cumul de difficultés. Pas de moyen de transport et garde d'enfants complexe.,2
ID_SYN_2150,39.0,Bac+2,1.9,F1603,68404,1.0,0,Problème ponctuel de mobilité géographique. Zone mal desservie.,1
ID_SYN_2151,30.0,Bac+5,1.0,M1203,57118,0.0,0,"Excellente présentation, compétences techniques à jour. Reprise rapide visée.",0
ID_SYN_2152,42.0,,3.7,K2111,58960,1.0,0,Freins périphériques majeurs. Situation d'illettrisme numérique constatée.,2
ID_SYN_2153,53.0,Bac+5,9.0,K2111,83860,1.0,0,"Candidat très dynamique, mobilité nationale validée. Projet clair.",0
ID_SYN_2154,63.0,Bac+2,4.1,D1401,66802,1.0,0,"Candidat très dynamique, mobilité nationale validée. Projet clair.",1
ID_SYN_2155,45.0,,3.4,H1206,04328,,0,"Perte de confiance importante. Risque d'exclusion, barrière de la langue.",2
ID_SYN_2156,20.0,Bac+5,2.0,M1801,31090,0.0,0,"Excellente présentation, compétences techniques à jour. Reprise rapide visée.",0
ID_SYN_2157,63.0,Bac+5,3.4,G1801,42599,0.0,0,Projet de reconversion à affiner. Besoin d'une formation complémentaire.,1
ID_SYN_2158,30.0,Sans diplôme,2.3,M1203,97751,0.0,0,"Perte de confiance importante. Risque d'exclusion, barrière de la langue.",2
ID_SYN_2159,47.0,Sans diplôme,8.1,I1304,77865,1.0,0,"Perte de confiance importante. Risque d'exclusion, barrière de la langue.",2
ID_SYN_2160,31.0,Bac+2,2.5,K1201,59851,,0,"Profil autonome, recherche active, aucun frein périphérique identifié.",0
ID_SYN_2161,40.0,Bac+5,5.7,C1302,49010,0.0,0,Compétences à réactualiser sur les outils numériques. Motivation correcte.,0
ID_SYN_2162,28.0,,0.0,K2106,29631,1.0,0,Projet de reconversion à affiner. Besoin d'une formation complémentaire.,1
ID_SYN_2163,23.0,Sans diplôme,11.6,A1501,17553,1.0,0,"Profil autonome, recherche active, aucun frein périphérique identifié.",1
ID_SYN_2164,29.0,Sans diplôme,5.1,A1401,50434,0.0,0,Projet de reconversion à affiner. Besoin d'une formation complémentaire.,2
ID_SYN_2165,62.0,Bac+5,1.9,N1301,73449,1.0,0,"Profil autonome, recherche active, aucun frein périphérique identifié.",0
ID_SYN_2166,18.0,Sans diplôme,3.6,M1805,60772,1.0,0,Projet de reconversion à affiner. Besoin d'une formation complémentaire.,2
ID_SYN_2167,32.0,Sans diplôme,1.7,M1203,83278,1.0,0,"Excellente présentation, compétences techniques à jour. Reprise rapide visée.",1
ID_SYN_2168,41.0,Sans diplôme,2.3,M1705,12827,1.0,0,Problème ponctuel de mobilité géographique. Zone mal desservie.,2
ID_SYN_2169,59.0,Bac+2,1.1,F1603,96624,1.0,0,Cumul de difficultés. Pas de moyen de transport et garde d'enfants complexe.,2
ID_SYN_2170,63.0,Sans diplôme,4.0,D1401,09299,1.0,1,Freins périphériques majeurs. Situation d'illettrisme numérique constatée.,2
ID_SYN_2171,59.0,Sans diplôme,1.8,A1203,43706,1.0,0,Problème ponctuel de mobilité géographique. Zone mal desservie.,2
ID_SYN_2172,24.0,Sans diplôme,0.9,D1210,14213,1.0,0,"Perte de confiance importante. Risque d'exclusion, barrière de la langue.",2
ID_SYN_2173,35.0,Bac+5,2.2,M1203,73175,1.0,0,"Profil autonome, recherche active, aucun frein périphérique identifié.",0
ID_SYN_2174,41.0,Bac+5,12.8,D1502,42969,1.0,1,Cumul de difficultés. Pas de moyen de transport et garde d'enfants complexe.,1
ID_SYN_2175,27.0,Bac,1.1,D1503,22176,1.0,0,Freins périphériques majeurs. Situation d'illettrisme numérique constatée.,2
ID_SYN_2176,55.0,Bac,4.3,M1501,66289,1.0,0,"Candidat très dynamique, mobilité nationale validée. Projet clair.",0
ID_SYN_2177,28.0,Bac+2,0.6,A1202,25483,1.0,0,Freins périphériques majeurs. Situation d'illettrisme numérique constatée.,2
ID_SYN_2178,45.0,Bac,3.6,N4301,70074,0.0,0,Freins périphériques majeurs. Situation d'illettrisme numérique constatée.,2
ID_SYN_2179,24.0,Bac+2,4.8,M1602,74179,1.0,0,Problème ponctuel de mobilité géographique. Zone mal desservie.,1
ID_SYN_2180,35.0,Bac,1.0,C1302,48750,0.0,0,Projet de reconversion à affiner. Besoin d'une formation complémentaire.,1
ID_SYN_2181,51.0,Bac+5,1.7,G1203,73641,1.0,0,Compétences à réactualiser sur les outils numériques. Motivation correcte.,0
ID_SYN_2182,24.0,Bac+5,1.2,H1504,90600,1.0,0,Freins périphériques majeurs. Situation d'illettrisme numérique constatée.,1
ID_SYN_2183,51.0,Bac+2,1.9,F1603,84548,1.0,0,Problème ponctuel de mobilité géographique. Zone mal desservie.,1
ID_SYN_2184,36.0,Bac+5,7.2,D1406,03272,1.0,0,Compétences à réactualiser sur les outils numériques. Motivation correcte.,0
ID_SYN_2185,41.0,Bac,1.3,C1201,61321,1.0,0,"Excellente présentation, compétences techniques à jour. Reprise rapide visée.",0
ID_SYN_2186,29.0,Bac+5,1.5,A1203,20557,0.0,0,Projet de reconversion à affiner. Besoin d'une formation complémentaire.,0
ID_SYN_2187,50.0,Sans diplôme,4.1,C1102,40687,1.0,0,Compétences à réactualiser sur les outils numériques. Motivation correcte.,2
ID_SYN_2188,53.0,Bac,0.6,A1202,76569,1.0,0,"Profil autonome, recherche active, aucun frein périphérique identifié.",0
ID_SYN_2189,33.0,Bac,5.0,C1501,53142,1.0,0,Projet de reconversion à affiner. Besoin d'une formation complémentaire.,1
ID_SYN_2190,,Sans diplôme,4.3,J1506,62152,0.0,0,Freins périphériques majeurs. Situation d'illettrisme numérique constatée.,2
ID_SYN_2191,54.0,Sans diplôme,2.0,C1201,51145,1.0,0,Projet de reconversion à affiner. Besoin d'une formation complémentaire.,2
ID_SYN_2192,56.0,Sans diplôme,6.2,C1302,95764,0.0,0,Freins périphériques majeurs. Situation d'illettrisme numérique constatée.,2
ID_SYN_2193,27.0,Bac+2,0.8,A1301,39484,1.0,0,"Profil autonome, recherche active, aucun frein périphérique identifié.",0
ID_SYN_2194,31.0,Bac,0.4,M1802,88181,1.0,0,Freins périphériques majeurs. Situation d'illettrisme numérique constatée.,2
ID_SYN_2195,59.0,Bac+2,1.5,C1102,38283,1.0,0,Projet de reconversion à affiner. Besoin d'une formation complémentaire.,2
ID_SYN_2196,,Bac+2,6.6,M1501,88152,1.0,1,Compétences à réactualiser sur les outils numériques. Motivation correcte.,1
ID_SYN_2197,47.0,Sans diplôme,1.7,N1101,49067,1.0,0,"Profil autonome, recherche active, aucun frein périphérique identifié.",1
ID_SYN_2198,24.0,Bac,0.5,D1502,94804,1.0,0,Compétences à réactualiser sur les outils numériques. Motivation correcte.,1
ID_SYN_2199,18.0,Bac+2,1.1,W1401,13736,1.0,0,Compétences à réactualiser sur les outils numériques. Motivation correcte.,1
ID_SYN_2200,36.0,Bac,4.9,G1801,71731,0.0,1,Cumul de difficultés. Pas de moyen de transport et garde d'enfants complexe.,2
ID_SYN_2201,58.0,Bac,3.5,N4101,21469,0.0,0,Projet de reconversion à affiner. Besoin d'une formation complémentaire.,1
ID_SYN_2202,,,3.6,K1601,31252,1.0,0,Problème ponctuel de mobilité géographique. Zone mal desservie.,1
ID_SYN_2203,36.0,Bac,3.5,K1201,56862,1.0,0,Projet de reconversion à affiner. Besoin d'une formation complémentaire.,1
ID_SYN_2204,24.0,Sans diplôme,1.2,H1206,42869,0.0,0,Projet de reconversion à affiner. Besoin d'une formation complémentaire.,2
ID_SYN_2205,54.0,Bac+5,3.0,N1101,94104,1.0,0,"Profil autonome, recherche active, aucun frein périphérique identifié.",0
ID_SYN_2206,25.0,Sans diplôme,1.8,K1903,74980,0.0,0,"Perte de confiance importante. Risque d'exclusion, barrière de la langue.",2
ID_SYN_2207,50.0,Bac+2,2.6,H2502,59040,1.0,0,Projet de reconversion à affiner. Besoin d'une formation complémentaire.,1
ID_SYN_2208,60.0,Bac+2,6.7,G1203,63858,0.0,0,"Profil autonome, recherche active, aucun frein périphérique identifié.",1
ID_SYN_2209,41.0,Sans diplôme,4.0,M1203,08785,1.0,0,Compétences à réactualiser sur les outils numériques. Motivation correcte.,2
ID_SYN_2210,30.0,Bac+5,1.1,M1203,31127,0.0,0,"Perte de confiance importante. Risque d'exclusion, barrière de la langue.",1
ID_SYN_2211,41.0,Bac,3.2,A1301,72352,0.0,0,Cumul de difficultés. Pas de moyen de transport et garde d'enfants complexe.,2
ID_SYN_2212,,Sans diplôme,1.7,N1303,15179,1.0,0,Compétences à réactualiser sur les outils numériques. Motivation correcte.,2
ID_SYN_2213,22.0,Bac+2,3.4,C1110,33309,0.0,0,Freins périphériques majeurs. Situation d'illettrisme numérique constatée.,2
ID_SYN_2214,39.0,Bac+2,15.2,H2502,70559,,0,"Candidat très dynamique, mobilité nationale validée. Projet clair.",0
ID_SYN_2215,61.0,Bac,4.3,A1203,03284,1.0,0,"Profil autonome, recherche active, aucun frein périphérique identifié.",1
ID_SYN_2216,58.0,Sans diplôme,1.4,N1301,57293,1.0,0,"Perte de confiance importante. Risque d'exclusion, barrière de la langue.",2
ID_SYN_2217,23.0,Bac,2.6,M1607,53766,1.0,0,"Profil autonome, recherche active, aucun frein périphérique identifié.",0
ID_SYN_2218,51.0,Bac+5,2.0,K1201,20518,1.0,0,"Perte de confiance importante. Risque d'exclusion, barrière de la langue.",1
ID_SYN_2219,45.0,Bac+2,5.2,A1203,05205,1.0,0,Freins périphériques majeurs. Situation d'illettrisme numérique constatée.,2
ID_SYN_2220,33.0,Bac,2.2,N4301,09888,0.0,1,Compétences à réactualiser sur les outils numériques. Motivation correcte.,1
ID_SYN_2221,59.0,Sans diplôme,0.7,A1301,03575,1.0,0,"Candidat très dynamique, mobilité nationale validée. Projet clair.",2
ID_SYN_2222,35.0,Bac,0.9,M1501,01396,1.0,0,"Candidat très dynamique, mobilité nationale validée. Projet clair.",0
ID_SYN_2223,38.0,Bac+2,3.5,M1705,80803,0.0,0,"Candidat très dynamique, mobilité nationale validée. Projet clair.",0
ID_SYN_2224,21.0,Bac+5,1.4,M1607,70361,1.0,0,"Perte de confiance importante. Risque d'exclusion, barrière de la langue.",1
ID_SYN_2225,51.0,Bac+2,0.5,J1506,51098,0.0,0,Projet de reconversion à affiner. Besoin d'une formation complémentaire.,1
ID_SYN_2226,50.0,Bac+2,7.3,D1502,64564,1.0,1,Problème ponctuel de mobilité géographique. Zone mal desservie.,1
ID_SYN_2227,18.0,Sans diplôme,3.3,N4301,43247,0.0,0,Problème ponctuel de mobilité géographique. Zone mal desservie.,2
ID_SYN_2228,22.0,Sans diplôme,2.2,M1602,75509,1.0,0,"Candidat très dynamique, mobilité nationale validée. Projet clair.",1
ID_SYN_2229,60.0,,10.4,D1210,57464,0.0,0,"Candidat très dynamique, mobilité nationale validée. Projet clair.",1
ID_SYN_2230,48.0,,6.8,K2111,23482,0.0,0,Freins périphériques majeurs. Situation d'illettrisme numérique constatée.,2
ID_SYN_2231,26.0,Bac,0.3,C1110,72532,1.0,0,"Candidat très dynamique, mobilité nationale validée. Projet clair.",0
ID_SYN_2232,22.0,Bac+5,1.2,M1607,67120,1.0,0,Cumul de difficultés. Pas de moyen de transport et garde d'enfants complexe.,1
ID_SYN_2233,48.0,Bac+5,0.9,A1203,96807,0.0,0,Freins périphériques majeurs. Situation d'illettrisme numérique constatée.,1
ID_SYN_2234,42.0,Bac,2.6,A1501,72646,0.0,0,Compétences à réactualiser sur les outils numériques. Motivation correcte.,1
ID_SYN_2235,39.0,Bac+5,4.6,H1504,69412,0.0,0,Freins périphériques majeurs. Situation d'illettrisme numérique constatée.,1
ID_SYN_2236,59.0,Bac+5,1.6,A1202,71660,1.0,0,Freins périphériques majeurs. Situation d'illettrisme numérique constatée.,2
ID_SYN_2237,18.0,Bac+5,4.9,M1805,13281,0.0,0,Freins périphériques majeurs. Situation d'illettrisme numérique constatée.,1
ID_SYN_2238,61.0,Sans diplôme,2.4,C1102,85928,1.0,0,"Perte de confiance importante. Risque d'exclusion, barrière de la langue.",2
ID_SYN_2239,63.0,Bac+5,0.7,D1210,79630,1.0,0,"Candidat très dynamique, mobilité nationale validée. Projet clair.",0
ID_SYN_2240,28.0,Bac+2,0.4,M1805,84281,1.0,0,Freins périphériques majeurs. Situation d'illettrisme numérique constatée.,2
ID_SYN_2241,37.0,Sans diplôme,9.6,M1602,56511,1.0,0,Projet de reconversion à affiner. Besoin d'une formation complémentaire.,2
ID_SYN_2242,51.0,Bac,9.0,G1601,89367,1.0,0,Freins périphériques majeurs. Situation d'illettrisme numérique constatée.,2
ID_SYN_2243,26.0,Bac+2,5.9,W1401,61324,0.0,0,Projet de reconversion à affiner. Besoin d'une formation complémentaire.,1
ID_SYN_2244,23.0,Bac+5,1.8,M1607,56264,1.0,0,Compétences à réactualiser sur les outils numériques. Motivation correcte.,0
ID_SYN_2245,43.0,Bac,0.2,M1705,57270,1.0,0,"Candidat très dynamique, mobilité nationale validée. Projet clair.",0
ID_SYN_2246,,Bac,0.8,H1206,14396,0.0,0,Cumul de difficultés. Pas de moyen de transport et garde d'enfants complexe.,2
ID_SYN_2247,28.0,Sans diplôme,0.5,G1302,72122,1.0,0,"Perte de confiance importante. Risque d'exclusion, barrière de la langue.",2
ID_SYN_2248,42.0,Sans diplôme,8.0,K2111,53445,,0,"Candidat très dynamique, mobilité nationale validée. Projet clair.",1
ID_SYN_2249,43.0,Bac,1.4,J1301,63852,1.0,0,"Candidat très dynamique, mobilité nationale validée. Projet clair.",0
ID_SYN_2250,42.0,,1.5,M1705,09311,1.0,0,Compétences à réactualiser sur les outils numériques. Motivation correcte.,1
ID_SYN_2251,33.0,Sans diplôme,1.8,H1504,87662,0.0,0,"Profil autonome, recherche active, aucun frein périphérique identifié.",1
ID_SYN_2252,48.0,Bac+2,1.4,C1110,31493,,0,"Perte de confiance importante. Risque d'exclusion, barrière de la langue.",2
ID_SYN_2253,51.0,Bac+2,2.3,G1203,43102,0.0,1,Compétences à réactualiser sur les outils numériques. Motivation correcte.,1
ID_SYN_2254,49.0,Sans diplôme,6.6,H2502,37492,1.0,0,Problème ponctuel de mobilité géographique. Zone mal desservie.,2
ID_SYN_2255,45.0,Bac,3.0,D1406,92359,1.0,0,Compétences à réactualiser sur les outils numériques. Motivation correcte.,1
ID_SYN_2256,28.0,Sans diplôme,1.2,N4101,09563,1.0,0,Freins périphériques majeurs. Situation d'illettrisme numérique constatée.,2
ID_SYN_2257,29.0,Sans diplôme,1.0,K2111,71915,1.0,0,Compétences à réactualiser sur les outils numériques. Motivation correcte.,2
ID_SYN_2258,58.0,Bac+2,1.9,G1302,11435,1.0,0,Projet de reconversion à affiner. Besoin d'une formation complémentaire.,2
ID_SYN_2259,35.0,Bac,4.2,M1705,25210,0.0,0,"Excellente présentation, compétences techniques à jour. Reprise rapide visée.",0
ID_SYN_2260,48.0,Bac+2,4.8,M1705,33633,1.0,0,Cumul de difficultés. Pas de moyen de transport et garde d'enfants complexe.,2
ID_SYN_2261,59.0,Bac+2,3.1,I1304,75346,1.0,0,Cumul de difficultés. Pas de moyen de transport et garde d'enfants complexe.,2
ID_SYN_2262,36.0,Bac+5,7.9,M1805,07461,0.0,0,"Excellente présentation, compétences techniques à jour. Reprise rapide visée.",0
ID_SYN_2263,25.0,Bac+2,0.6,H2502,33295,1.0,0,Freins périphériques majeurs. Situation d'illettrisme numérique constatée.,2
ID_SYN_2264,34.0,Bac,5.2,K1201,90491,1.0,0,Projet de reconversion à affiner. Besoin d'une formation complémentaire.,1
ID_SYN_2265,31.0,Bac,2.6,D1502,56213,1.0,0,"Perte de confiance importante. Risque d'exclusion, barrière de la langue.",2
ID_SYN_2266,54.0,Bac,6.9,G1801,49809,0.0,0,"Candidat très dynamique, mobilité nationale validée. Projet clair.",0
ID_SYN_2267,37.0,Bac,14.6,C1302,40152,0.0,0,"Candidat très dynamique, mobilité nationale validée. Projet clair.",0
ID_SYN_2268,44.0,Bac+2,1.0,M1806,36910,0.0,0,"Perte de confiance importante. Risque d'exclusion, barrière de la langue.",2
ID_SYN_2269,55.0,Bac+2,4.8,G1801,58121,1.0,0,Compétences à réactualiser sur les outils numériques. Motivation correcte.,1
ID_SYN_2270,38.0,Sans diplôme,2.5,K1903,59077,0.0,0,"Excellente présentation, compétences techniques à jour. Reprise rapide visée.",1
ID_SYN_2271,21.0,Bac+5,11.3,D1503,26203,1.0,0,"Excellente présentation, compétences techniques à jour. Reprise rapide visée.",0
ID_SYN_2272,26.0,Bac+5,4.7,G1203,54010,0.0,0,"Excellente présentation, compétences techniques à jour. Reprise rapide visée.",0
ID_SYN_2273,43.0,Bac+5,1.5,A1401,15208,0.0,0,"Candidat très dynamique, mobilité nationale validée. Projet clair.",0
ID_SYN_2274,36.0,Bac,2.2,D1210,25476,0.0,0,"Perte de confiance importante. Risque d'exclusion, barrière de la langue.",2
ID_SYN_2275,30.0,Sans diplôme,3.0,N1101,87067,1.0,0,Freins périphériques majeurs. Situation d'illettrisme numérique constatée.,2
ID_SYN_2276,39.0,Bac,1.5,C1102,24183,1.0,0,Projet de reconversion à affiner. Besoin d'une formation complémentaire.,1
ID_SYN_2277,26.0,,3.9,K2111,68773,1.0,0,"Candidat très dynamique, mobilité nationale validée. Projet clair.",0
ID_SYN_2278,49.0,,20.6,K1601,78176,1.0,0,Projet de reconversion à affiner. Besoin d'une formation complémentaire.,1
ID_SYN_2279,30.0,Bac,1.4,D1401,76738,,0,Projet de reconversion à affiner. Besoin d'une formation complémentaire.,1
ID_SYN_2280,20.0,Bac+5,5.1,K1304,18682,1.0,0,"Candidat très dynamique, mobilité nationale validée. Projet clair.",0
ID_SYN_2281,37.0,Bac,4.6,C1501,96741,0.0,0,Projet de reconversion à affiner. Besoin d'une formation complémentaire.,1
ID_SYN_2282,60.0,Sans diplôme,0.1,H1206,30881,0.0,0,Freins périphériques majeurs. Situation d'illettrisme numérique constatée.,2
ID_SYN_2283,50.0,Bac+2,2.3,M1203,46921,1.0,0,Freins périphériques majeurs. Situation d'illettrisme numérique constatée.,2
ID_SYN_2284,47.0,Bac+2,6.2,C1302,17175,0.0,0,"Candidat très dynamique, mobilité nationale validée. Projet clair.",0
ID_SYN_2285,32.0,Bac+2,0.5,A1401,05120,0.0,0,"Candidat très dynamique, mobilité nationale validée. Projet clair.",0
ID_SYN_2286,55.0,Bac,2.5,N4101,20089,1.0,0,"Excellente présentation, compétences techniques à jour. Reprise rapide visée.",0
ID_SYN_2287,61.0,Bac+5,8.8,G1601,71420,0.0,0,Freins périphériques majeurs. Situation d'illettrisme numérique constatée.,1
ID_SYN_2288,41.0,Bac+2,1.9,K1304,58460,1.0,0,Projet de reconversion à affiner. Besoin d'une formation complémentaire.,1
ID_SYN_2289,19.0,Bac,10.1,K1903,23245,1.0,0,Problème ponctuel de mobilité géographique. Zone mal desservie.,1
ID_SYN_2290,,Bac+5,3.0,K1601,47351,1.0,0,Projet de reconversion à affiner. Besoin d'une formation complémentaire.,0
ID_SYN_2291,40.0,Bac+2,1.7,F1603,06466,1.0,0,"Perte de confiance importante. Risque d'exclusion, barrière de la langue.",2
ID_SYN_2292,32.0,Bac+2,6.8,G1801,95265,1.0,1,"Profil autonome, recherche active, aucun frein périphérique identifié.",0
ID_SYN_2293,20.0,Bac+5,10.0,G1602,02548,1.0,0,"Profil autonome, recherche active, aucun frein périphérique identifié.",0
ID_SYN_2294,,Bac+5,5.5,N1301,52948,1.0,0,Projet de reconversion à affiner. Besoin d'une formation complémentaire.,0
ID_SYN_2295,44.0,Bac,0.9,G1302,34305,0.0,0,Problème ponctuel de mobilité géographique. Zone mal desservie.,1
ID_SYN_2296,36.0,Bac+2,9.0,D1502,71134,0.0,0,Cumul de difficultés. Pas de moyen de transport et garde d'enfants complexe.,2
ID_SYN_2297,46.0,Bac+2,6.1,C1110,03040,1.0,0,Cumul de difficultés. Pas de moyen de transport et garde d'enfants complexe.,2
ID_SYN_2298,47.0,Bac+2,1.8,C1501,71337,1.0,0,Projet de reconversion à affiner. Besoin d'une formation complémentaire.,1
ID_SYN_2299,20.0,Bac,8.7,M1602,70165,1.0,0,"Perte de confiance importante. Risque d'exclusion, barrière de la langue.",2
ID_SYN_2300,33.0,Sans diplôme,5.2,K1601,76861,1.0,0,"Excellente présentation, compétences techniques à jour. Reprise rapide visée.",1
ID_SYN_2301,45.0,Bac+5,5.1,I1304,31480,1.0,0,"Candidat très dynamique, mobilité nationale validée. Projet clair.",0
ID_SYN_2302,,Sans diplôme,1.2,N1301,34113,1.0,0,"Perte de confiance importante. Risque d'exclusion, barrière de la langue.",2
ID_SYN_2303,62.0,Sans diplôme,3.2,D1210,69349,1.0,0,Freins périphériques majeurs. Situation d'illettrisme numérique constatée.,2
ID_SYN_2304,41.0,Bac+2,2.1,K1903,04943,,1,Cumul de difficultés. Pas de moyen de transport et garde d'enfants complexe.,2
ID_SYN_2305,58.0,Bac+5,4.7,K2101,07471,1.0,1,Cumul de difficultés. Pas de moyen de transport et garde d'enfants complexe.,2
ID_SYN_2306,61.0,Bac+2,0.4,A1202,25263,0.0,0,Projet de reconversion à affiner. Besoin d'une formation complémentaire.,1
ID_SYN_2307,35.0,Bac+5,16.1,I1304,16022,1.0,0,"Perte de confiance importante. Risque d'exclusion, barrière de la langue.",1
ID_SYN_2308,,Sans diplôme,4.7,N1301,51624,1.0,0,Freins périphériques majeurs. Situation d'illettrisme numérique constatée.,2
ID_SYN_2309,42.0,Bac,6.2,G1601,09088,0.0,0,Projet de reconversion à affiner. Besoin d'une formation complémentaire.,1
ID_SYN_2310,34.0,Bac,4.8,M1602,67890,1.0,0,Projet de reconversion à affiner. Besoin d'une formation complémentaire.,1
ID_SYN_2311,25.0,Bac+5,1.7,M1802,19121,1.0,0,Cumul de difficultés. Pas de moyen de transport et garde d'enfants complexe.,1
ID_SYN_2312,26.0,Bac,5.6,A1301,01478,1.0,0,Projet de reconversion à affiner. Besoin d'une formation complémentaire.,1
ID_SYN_2313,33.0,Bac+2,20.9,A1202,49504,1.0,0,Problème ponctuel de mobilité géographique. Zone mal desservie.,1
ID_SYN_2314,33.0,Bac,5.1,H1206,03561,1.0,0,Projet de reconversion à affiner. Besoin d'une formation complémentaire.,1
ID_SYN_2315,61.0,Sans diplôme,11.2,C1102,10676,1.0,0,"Candidat très dynamique, mobilité nationale validée. Projet clair.",2
ID_SYN_2316,,Bac+2,1.0,N1301,30464,0.0,0,Projet de reconversion à affiner. Besoin d'une formation complémentaire.,1
ID_SYN_2317,51.0,Sans diplôme,3.2,W1401,82082,0.0,0,"Candidat très dynamique, mobilité nationale validée. Projet clair.",1
ID_SYN_2318,25.0,Bac,17.5,J1506,72858,1.0,0,"Perte de confiance importante. Risque d'exclusion, barrière de la langue.",2
ID_SYN_2319,59.0,Bac+2,2.4,D1210,51910,1.0,0,"Perte de confiance importante. Risque d'exclusion, barrière de la langue.",2
ID_SYN_2320,32.0,Bac+5,2.8,M1801,75154,1.0,0,Cumul de difficultés. Pas de moyen de transport et garde d'enfants complexe.,1
ID_SYN_2321,19.0,Bac,6.9,H2502,05015,1.0,0,Projet de reconversion à affiner. Besoin d'une formation complémentaire.,1
ID_SYN_2322,58.0,Bac+2,9.1,I1304,04063,1.0,0,Freins périphériques majeurs. Situation d'illettrisme numérique constatée.,2
ID_SYN_2323,48.0,Bac,2.5,K1403,83714,0.0,0,"Excellente présentation, compétences techniques à jour. Reprise rapide visée.",0
ID_SYN_2324,54.0,Bac+2,3.9,M1203,01766,1.0,0,Projet de reconversion à affiner. Besoin d'une formation complémentaire.,1
ID_SYN_2325,31.0,,2.2,H2502,44989,1.0,1,Freins périphériques majeurs. Situation d'illettrisme numérique constatée.,2
ID_SYN_2326,27.0,,1.6,M1805,19083,1.0,0,Projet de reconversion à affiner. Besoin d'une formation complémentaire.,1
ID_SYN_2327,58.0,Bac,1.0,C1501,37743,0.0,0,Cumul de difficultés. Pas de moyen de transport et garde d'enfants complexe.,2
ID_SYN_2328,56.0,Bac+2,1.1,C1501,80057,0.0,0,Problème ponctuel de mobilité géographique. Zone mal desservie.,1
ID_SYN_2329,60.0,Bac,4.9,N1303,96867,1.0,0,"Candidat très dynamique, mobilité nationale validée. Projet clair.",1
ID_SYN_2330,54.0,Bac+5,3.3,K1903,06946,1.0,0,"Excellente présentation, compétences techniques à jour. Reprise rapide visée.",0
ID_SYN_2331,62.0,Bac+2,1.9,K1903,01007,1.0,0,"Excellente présentation, compétences techniques à jour. Reprise rapide visée.",1
ID_SYN_2332,61.0,Sans diplôme,3.9,J1506,37059,0.0,0,"Excellente présentation, compétences techniques à jour. Reprise rapide visée.",1
ID_SYN_2333,50.0,Bac,7.8,D1401,66942,0.0,0,Freins périphériques majeurs. Situation d'illettrisme numérique constatée.,2
ID_SYN_2334,60.0,Bac+2,3.7,A1401,12660,1.0,0,Compétences à réactualiser sur les outils numériques. Motivation correcte.,2
ID_SYN_2335,47.0,Bac+2,3.3,N1301,60326,1.0,0,"Candidat très dynamique, mobilité nationale validée. Projet clair.",0
ID_SYN_2336,49.0,Sans diplôme,5.5,A1202,64107,1.0,1,"Excellente présentation, compétences techniques à jour. Reprise rapide visée.",1
ID_SYN_2337,38.0,Bac+5,5.1,C1102,16226,1.0,0,Compétences à réactualiser sur les outils numériques. Motivation correcte.,0
ID_SYN_2338,51.0,,3.2,M1805,12294,1.0,0,Projet de reconversion à affiner. Besoin d'une formation complémentaire.,1
ID_SYN_2339,23.0,Bac,3.6,A1401,75647,0.0,0,Freins périphériques majeurs. Situation d'illettrisme numérique constatée.,2
ID_SYN_2340,38.0,Sans diplôme,7.6,A1202,64421,1.0,0,Compétences à réactualiser sur les outils numériques. Motivation correcte.,2
ID_SYN_2341,48.0,Bac+2,4.5,M1203,94241,0.0,0,"Candidat très dynamique, mobilité nationale validée. Projet clair.",0
ID_SYN_2342,51.0,Bac,5.2,J1506,78738,0.0,0,Freins périphériques majeurs. Situation d'illettrisme numérique constatée.,2
ID_SYN_2343,32.0,Sans diplôme,1.6,K1601,16147,0.0,0,"Candidat très dynamique, mobilité nationale validée. Projet clair.",1
ID_SYN_2344,26.0,Bac+2,8.9,K1601,27500,1.0,0,Problème ponctuel de mobilité géographique. Zone mal desservie.,1
ID_SYN_2345,45.0,Bac+5,4.4,A1301,34792,1.0,0,Projet de reconversion à affiner. Besoin d'une formation complémentaire.,0
ID_SYN_2346,26.0,Sans diplôme,8.7,A1501,62377,1.0,0,Problème ponctuel de mobilité géographique. Zone mal desservie.,2
ID_SYN_2347,31.0,Sans diplôme,7.9,K2106,32713,1.0,0,"Candidat très dynamique, mobilité nationale validée. Projet clair.",1
ID_SYN_2348,41.0,Bac+5,6.5,K1201,06101,0.0,0,Cumul de difficultés. Pas de moyen de transport et garde d'enfants complexe.,1
ID_SYN_2349,41.0,Bac,1.6,G1602,72033,0.0,0,"Candidat très dynamique, mobilité nationale validée. Projet clair.",0
ID_SYN_2350,45.0,Bac,1.6,J1301,19074,0.0,0,"Candidat très dynamique, mobilité nationale validée. Projet clair.",0
ID_SYN_2351,46.0,Bac,11.6,J1301,48199,1.0,1,Compétences à réactualiser sur les outils numériques. Motivation correcte.,1
ID_SYN_2352,61.0,Bac,1.9,N1303,02275,,0,Problème ponctuel de mobilité géographique. Zone mal desservie.,1
ID_SYN_2353,42.0,Bac,1.2,M1801,92729,1.0,0,Freins périphériques majeurs. Situation d'illettrisme numérique constatée.,2
ID_SYN_2354,19.0,Sans diplôme,2.9,C1110,61646,0.0,0,Projet de reconversion à affiner. Besoin d'une formation complémentaire.,2
ID_SYN_2355,52.0,Bac+5,0.1,G1601,93295,,0,"Excellente présentation, compétences techniques à jour. Reprise rapide visée.",0
ID_SYN_2356,35.0,Bac+2,0.6,J1301,94989,1.0,0,Compétences à réactualiser sur les outils numériques. Motivation correcte.,1
ID_SYN_2357,21.0,Bac+5,2.8,M1806,24216,1.0,0,Projet de reconversion à affiner. Besoin d'une formation complémentaire.,0
ID_SYN_2358,32.0,Bac+5,1.0,A1401,02386,0.0,1,"Excellente présentation, compétences techniques à jour. Reprise rapide visée.",0
ID_SYN_2359,31.0,Bac,2.0,H1206,29127,1.0,0,Projet de reconversion à affiner. Besoin d'une formation complémentaire.,1
ID_SYN_2360,36.0,Bac+5,1.6,K1304,84062,0.0,0,"Candidat très dynamique, mobilité nationale validée. Projet clair.",0
ID_SYN_2361,48.0,Bac,1.3,N4301,59057,0.0,0,Projet de reconversion à affiner. Besoin d'une formation complémentaire.,1
ID_SYN_2362,56.0,Bac+5,0.7,M1802,04676,1.0,1,"Excellente présentation, compétences techniques à jour. Reprise rapide visée.",0
ID_SYN_2363,57.0,Bac+2,2.4,M1806,82532,0.0,1,"Candidat très dynamique, mobilité nationale validée. Projet clair.",1
ID_SYN_2364,58.0,Bac,6.8,A1202,37363,0.0,0,Projet de reconversion à affiner. Besoin d'une formation complémentaire.,1
ID_SYN_2365,24.0,Bac+5,11.3,A1501,10438,1.0,0,"Candidat très dynamique, mobilité nationale validée. Projet clair.",0
ID_SYN_2366,32.0,Bac+2,1.6,M1705,81818,,1,"Excellente présentation, compétences techniques à jour. Reprise rapide visée.",0
ID_SYN_2367,39.0,,2.0,M1806,75328,1.0,0,"Excellente présentation, compétences techniques à jour. Reprise rapide visée.",0
ID_SYN_2368,46.0,Sans diplôme,2.5,M1501,76708,0.0,0,Freins périphériques majeurs. Situation d'illettrisme numérique constatée.,2
ID_SYN_2369,,Sans diplôme,4.6,A1401,10658,1.0,1,Cumul de difficultés. Pas de moyen de transport et garde d'enfants complexe.,2
ID_SYN_2370,27.0,Bac+2,0.2,K1601,66661,0.0,0,"Profil autonome, recherche active, aucun frein périphérique identifié.",0
ID_SYN_2371,20.0,Bac+2,4.4,G1602,77159,,0,"Candidat très dynamique, mobilité nationale validée. Projet clair.",0
ID_SYN_2372,31.0,,1.3,I1304,21601,0.0,0,Freins périphériques majeurs. Situation d'illettrisme numérique constatée.,2
ID_SYN_2373,24.0,Sans diplôme,10.6,D1502,50739,0.0,0,Freins périphériques majeurs. Situation d'illettrisme numérique constatée.,2
ID_SYN_2374,41.0,Sans diplôme,5.5,D1401,77298,0.0,0,"Candidat très dynamique, mobilité nationale validée. Projet clair.",1
ID_SYN_2375,21.0,Sans diplôme,3.9,G1602,44388,1.0,0,"Profil autonome, recherche active, aucun frein périphérique identifié.",1
ID_SYN_2376,18.0,Sans diplôme,0.6,M1806,07081,0.0,0,"Perte de confiance importante. Risque d'exclusion, barrière de la langue.",2
ID_SYN_2377,43.0,Sans diplôme,9.1,G1203,32847,1.0,1,Cumul de difficultés. Pas de moyen de transport et garde d'enfants complexe.,2
ID_SYN_2378,,Bac+5,1.5,M1705,01851,1.0,0,Problème ponctuel de mobilité géographique. Zone mal desservie.,0
ID_SYN_2379,23.0,Bac+2,6.4,K2111,60132,1.0,0,Cumul de difficultés. Pas de moyen de transport et garde d'enfants complexe.,2
ID_SYN_2380,48.0,Bac+2,2.1,G1602,22952,0.0,0,"Perte de confiance importante. Risque d'exclusion, barrière de la langue.",2
ID_SYN_2381,22.0,Bac,0.1,A1202,91992,1.0,0,Problème ponctuel de mobilité géographique. Zone mal desservie.,1
ID_SYN_2382,49.0,Bac,2.4,A1203,92082,0.0,0,Freins périphériques majeurs. Situation d'illettrisme numérique constatée.,2
ID_SYN_2383,34.0,Sans diplôme,2.9,D1503,94545,0.0,0,Problème ponctuel de mobilité géographique. Zone mal desservie.,2
ID_SYN_2384,30.0,Sans diplôme,4.5,A1501,47212,1.0,0,Problème ponctuel de mobilité géographique. Zone mal desservie.,2
ID_SYN_2385,43.0,Bac,7.9,M1806,48977,1.0,0,Compétences à réactualiser sur les outils numériques. Motivation correcte.,1
ID_SYN_2386,45.0,Bac,0.7,H1206,73120,1.0,0,"Excellente présentation, compétences techniques à jour. Reprise rapide visée.",0
ID_SYN_2387,25.0,Bac+2,4.3,D1210,93271,1.0,0,Freins périphériques majeurs. Situation d'illettrisme numérique constatée.,2
ID_SYN_2388,18.0,Bac,3.6,F1603,63750,1.0,0,"Excellente présentation, compétences techniques à jour. Reprise rapide visée.",0
ID_SYN_2389,18.0,Bac+5,2.5,M1607,21260,0.0,0,"Perte de confiance importante. Risque d'exclusion, barrière de la langue.",1
ID_SYN_2390,49.0,Bac+2,5.6,A1401,87161,1.0,0,"Candidat très dynamique, mobilité nationale validée. Projet clair.",0
ID_SYN_2391,60.0,Bac,3.3,D1401,73246,1.0,0,Compétences à réactualiser sur les outils numériques. Motivation correcte.,2
ID_SYN_2392,19.0,Bac,4.3,M1805,21380,1.0,1,Problème ponctuel de mobilité géographique. Zone mal desservie.,1
ID_SYN_2393,34.0,Sans diplôme,6.9,N4101,69799,,0,Problème ponctuel de mobilité géographique. Zone mal desservie.,2
ID_SYN_2394,37.0,Sans diplôme,5.5,N1101,02337,,0,"Profil autonome, recherche active, aucun frein périphérique identifié.",1
ID_SYN_2395,34.0,Bac+2,1.0,G1302,94637,0.0,0,Compétences à réactualiser sur les outils numériques. Motivation correcte.,1
ID_SYN_2396,63.0,Sans diplôme,8.4,N1101,14531,1.0,0,Problème ponctuel de mobilité géographique. Zone mal desservie.,2
ID_SYN_2397,37.0,Bac+2,2.1,J1506,44970,1.0,0,Projet de reconversion à affiner. Besoin d'une formation complémentaire.,1
ID_SYN_2398,33.0,Bac,1.3,H1504,94748,0.0,1,Compétences à réactualiser sur les outils numériques. Motivation correcte.,1
ID_SYN_2399,39.0,Bac,11.1,M1705,71420,1.0,0,Projet de reconversion à affiner. Besoin d'une formation complémentaire.,1
ID_SYN_2400,42.0,Bac+2,0.6,J1506,90474,1.0,1,Projet de reconversion à affiner. Besoin d'une formation complémentaire.,1
ID_SYN_2401,39.0,Bac+2,1.8,D1210,77289,1.0,0,Compétences à réactualiser sur les outils numériques. Motivation correcte.,1
ID_SYN_2402,48.0,Bac,3.6,G1302,09766,1.0,0,Cumul de difficultés. Pas de moyen de transport et garde d'enfants complexe.,2
ID_SYN_2403,58.0,Bac,0.6,J1506,64812,0.0,0,Projet de reconversion à affiner. Besoin d'une formation complémentaire.,1
ID_SYN_2404,,Sans diplôme,0.1,J1301,61359,1.0,1,"Perte de confiance importante. Risque d'exclusion, barrière de la langue.",2
ID_SYN_2405,24.0,Bac+5,3.5,C1102,75754,0.0,0,Problème ponctuel de mobilité géographique. Zone mal desservie.,0
ID_SYN_2406,42.0,Bac,4.8,G1602,86986,0.0,0,"Candidat très dynamique, mobilité nationale validée. Projet clair.",0
ID_SYN_2407,,,2.9,N1301,30454,0.0,0,"Profil autonome, recherche active, aucun frein périphérique identifié.",0
ID_SYN_2408,47.0,Bac,3.6,C1302,23143,1.0,0,"Profil autonome, recherche active, aucun frein périphérique identifié.",0
ID_SYN_2409,44.0,Bac,1.1,D1502,54862,0.0,1,"Candidat très dynamique, mobilité nationale validée. Projet clair.",0
ID_SYN_2410,52.0,Bac+5,19.7,G1302,89277,1.0,0,"Excellente présentation, compétences techniques à jour. Reprise rapide visée.",0
ID_SYN_2411,53.0,Bac+2,2.2,N4101,65617,1.0,1,Cumul de difficultés. Pas de moyen de transport et garde d'enfants complexe.,2
ID_SYN_2412,34.0,Bac+2,3.8,C1501,84816,0.0,0,"Perte de confiance importante. Risque d'exclusion, barrière de la langue.",2
ID_SYN_2413,53.0,Bac,4.9,G1203,29914,0.0,0,"Perte de confiance importante. Risque d'exclusion, barrière de la langue.",2
ID_SYN_2414,19.0,Bac,0.1,K1403,25465,0.0,1,"Candidat très dynamique, mobilité nationale validée. Projet clair.",0
ID_SYN_2415,30.0,Bac+2,2.0,A1301,91377,0.0,0,"Profil autonome, recherche active, aucun frein périphérique identifié.",0
ID_SYN_2416,33.0,Sans diplôme,3.6,A1203,50002,1.0,0,"Perte de confiance importante. Risque d'exclusion, barrière de la langue.",2
ID_SYN_2417,60.0,Bac,4.8,K1903,44361,1.0,0,"Candidat très dynamique, mobilité nationale validée. Projet clair.",1
ID_SYN_2418,30.0,Bac,4.8,D1406,48250,1.0,1,"Excellente présentation, compétences techniques à jour. Reprise rapide visée.",0
ID_SYN_2419,62.0,Bac,8.6,N1303,78941,,0,"Perte de confiance importante. Risque d'exclusion, barrière de la langue.",2
ID_SYN_2420,19.0,Bac,2.8,C1102,24210,1.0,1,Problème ponctuel de mobilité géographique. Zone mal desservie.,1
ID_SYN_2421,28.0,Bac,4.4,K2101,12473,1.0,0,"Candidat très dynamique, mobilité nationale validée. Projet clair.",0
ID_SYN_2422,24.0,Sans diplôme,2.1,M1501,50976,0.0,0,"Excellente présentation, compétences techniques à jour. Reprise rapide visée.",1
ID_SYN_2423,63.0,Bac+5,0.3,G1302,18918,1.0,0,Freins périphériques majeurs. Situation d'illettrisme numérique constatée.,2
ID_SYN_2424,36.0,Bac+2,3.6,G1601,07899,0.0,0,Projet de reconversion à affiner. Besoin d'une formation complémentaire.,1
ID_SYN_2425,43.0,,0.9,J1506,16249,1.0,0,Problème ponctuel de mobilité géographique. Zone mal desservie.,1
ID_SYN_2426,48.0,Bac,5.4,D1503,87217,1.0,0,"Perte de confiance importante. Risque d'exclusion, barrière de la langue.",2
ID_SYN_2427,22.0,Bac,3.9,M1802,90949,1.0,0,Cumul de difficultés. Pas de moyen de transport et garde d'enfants complexe.,2
ID_SYN_2428,41.0,Bac,15.6,C1102,49281,1.0,0,Projet de reconversion à affiner. Besoin d'une formation complémentaire.,1
ID_SYN_2429,34.0,Bac,2.5,H2502,87237,1.0,0,"Profil autonome, recherche active, aucun frein périphérique identifié.",0
ID_SYN_2430,18.0,Bac+5,1.2,G1302,90165,1.0,0,"Candidat très dynamique, mobilité nationale validée. Projet clair.",0
ID_SYN_2431,38.0,Bac+2,5.2,M1802,89697,1.0,0,Problème ponctuel de mobilité géographique. Zone mal desservie.,1
ID_SYN_2432,,Bac,3.9,K1304,61660,1.0,0,"Profil autonome, recherche active, aucun frein périphérique identifié.",0
ID_SYN_2433,57.0,Bac+2,0.6,A1202,15611,0.0,0,Freins périphériques majeurs. Situation d'illettrisme numérique constatée.,2
ID_SYN_2434,21.0,Sans diplôme,2.2,C1501,58583,1.0,0,"Excellente présentation, compétences techniques à jour. Reprise rapide visée.",1
ID_SYN_2435,61.0,Sans diplôme,6.4,A1301,04318,1.0,0,Compétences à réactualiser sur les outils numériques. Motivation correcte.,2
ID_SYN_2436,35.0,Bac,0.7,G1801,61701,1.0,0,Problème ponctuel de mobilité géographique. Zone mal desservie.,1
ID_SYN_2437,48.0,Bac+5,3.8,W1401,29523,0.0,0,Projet de reconversion à affiner. Besoin d'une formation complémentaire.,0
ID_SYN_2438,36.0,Bac,3.8,D1406,16941,0.0,1,Compétences à réactualiser sur les outils numériques. Motivation correcte.,1
ID_SYN_2439,50.0,Bac+2,2.2,N1303,04511,0.0,0,Problème ponctuel de mobilité géographique. Zone mal desservie.,1
ID_SYN_2440,50.0,Sans diplôme,8.4,C1302,95258,1.0,0,"Excellente présentation, compétences techniques à jour. Reprise rapide visée.",1
ID_SYN_2441,20.0,Bac+2,4.1,C1501,23148,1.0,0,"Profil autonome, recherche active, aucun frein périphérique identifié.",0
ID_SYN_2442,54.0,Bac+2,4.6,M1607,80681,0.0,0,Cumul de difficultés. Pas de moyen de transport et garde d'enfants complexe.,2
ID_SYN_2443,38.0,Bac,2.5,H1504,30556,1.0,0,"Profil autonome, recherche active, aucun frein périphérique identifié.",0
ID_SYN_2444,28.0,Bac,5.9,C1102,07416,1.0,0,"Perte de confiance importante. Risque d'exclusion, barrière de la langue.",2
ID_SYN_2445,20.0,Bac,0.6,N4301,67278,1.0,0,Projet de reconversion à affiner. Besoin d'une formation complémentaire.,1
ID_SYN_2446,39.0,Bac+5,1.8,C1501,52960,0.0,0,Projet de reconversion à affiner. Besoin d'une formation complémentaire.,0
ID_SYN_2447,31.0,Bac+2,3.1,M1806,74429,,0,Cumul de difficultés. Pas de moyen de transport et garde d'enfants complexe.,2
ID_SYN_2448,29.0,Sans diplôme,5.7,N1301,35359,1.0,0,"Perte de confiance importante. Risque d'exclusion, barrière de la langue.",2
ID_SYN_2449,55.0,Bac,0.9,C1302,20024,0.0,0,"Candidat très dynamique, mobilité nationale validée. Projet clair.",0
ID_SYN_2450,48.0,,6.2,N1301,67631,1.0,0,Problème ponctuel de mobilité géographique. Zone mal desservie.,1
ID_SYN_2451,,Sans diplôme,9.4,M1805,98067,0.0,0,Cumul de difficultés. Pas de moyen de transport et garde d'enfants complexe.,2
ID_SYN_2452,41.0,Bac+2,4.9,N1303,47365,1.0,0,Problème ponctuel de mobilité géographique. Zone mal desservie.,1
ID_SYN_2453,48.0,Bac,2.9,H2502,86994,1.0,1,"Profil autonome, recherche active, aucun frein périphérique identifié.",0
ID_SYN_2454,,Bac,2.7,A1501,85902,1.0,0,"Profil autonome, recherche active, aucun frein périphérique identifié.",0
ID_SYN_2455,50.0,Sans diplôme,3.2,A1202,64644,1.0,0,"Profil autonome, recherche active, aucun frein périphérique identifié.",1
ID_SYN_2456,24.0,Bac,3.3,G1801,20463,0.0,0,Cumul de difficultés. Pas de moyen de transport et garde d'enfants complexe.,2
ID_SYN_2457,,Bac+2,1.1,K2101,38594,1.0,0,Compétences à réactualiser sur les outils numériques. Motivation correcte.,1
ID_SYN_2458,49.0,Bac,4.3,G1801,96747,1.0,0,Projet de reconversion à affiner. Besoin d'une formation complémentaire.,1
ID_SYN_2459,24.0,Bac,6.5,M1801,87466,0.0,0,Problème ponctuel de mobilité géographique. Zone mal desservie.,1
ID_SYN_2460,32.0,Sans diplôme,2.8,H1206,57133,0.0,0,"Excellente présentation, compétences techniques à jour. Reprise rapide visée.",1
ID_SYN_2461,51.0,Bac+2,1.5,M1602,43079,1.0,0,"Profil autonome, recherche active, aucun frein périphérique identifié.",0
ID_SYN_2462,56.0,Bac,4.8,A1203,34242,0.0,0,Problème ponctuel de mobilité géographique. Zone mal desservie.,1
ID_SYN_2463,43.0,,0.6,C1110,18819,0.0,0,Freins périphériques majeurs. Situation d'illettrisme numérique constatée.,2
ID_SYN_2464,62.0,Sans diplôme,3.5,M1705,53891,1.0,0,"Perte de confiance importante. Risque d'exclusion, barrière de la langue.",2
ID_SYN_2465,43.0,Bac+2,6.9,D1502,10724,0.0,1,Freins périphériques majeurs. Situation d'illettrisme numérique constatée.,2
ID_SYN_2466,29.0,Bac,3.9,C1302,58389,0.0,0,Problème ponctuel de mobilité géographique. Zone mal desservie.,1
ID_SYN_2467,26.0,Bac+2,2.4,K2111,82479,,0,Cumul de difficultés. Pas de moyen de transport et garde d'enfants complexe.,2
ID_SYN_2468,33.0,Bac,1.7,D1406,16111,1.0,1,"Candidat très dynamique, mobilité nationale validée. Projet clair.",0
ID_SYN_2469,31.0,Bac+2,4.8,M1806,96037,0.0,0,Cumul de difficultés. Pas de moyen de transport et garde d'enfants complexe.,2
ID_SYN_2470,26.0,Bac+2,5.6,M1602,10077,0.0,0,Projet de reconversion à affiner. Besoin d'une formation complémentaire.,1
ID_SYN_2471,24.0,Sans diplôme,1.3,M1501,84897,1.0,0,"Candidat très dynamique, mobilité nationale validée. Projet clair.",1
ID_SYN_2472,39.0,Bac+5,0.5,M1203,61852,1.0,0,"Perte de confiance importante. Risque d'exclusion, barrière de la langue.",1
ID_SYN_2473,49.0,Bac,1.6,M1602,60000,1.0,0,Freins périphériques majeurs. Situation d'illettrisme numérique constatée.,2
ID_SYN_2474,25.0,Bac+5,2.8,K1201,91521,1.0,0,"Excellente présentation, compétences techniques à jour. Reprise rapide visée.",0
ID_SYN_2475,26.0,Bac,4.9,N1101,29913,0.0,0,"Excellente présentation, compétences techniques à jour. Reprise rapide visée.",0
ID_SYN_2476,37.0,Sans diplôme,1.9,K1403,58852,,0,Problème ponctuel de mobilité géographique. Zone mal desservie.,2
ID_SYN_2477,59.0,Bac+5,2.7,D1503,43086,1.0,0,"Perte de confiance importante. Risque d'exclusion, barrière de la langue.",2
ID_SYN_2478,21.0,Bac+2,4.4,C1201,22169,1.0,0,"Excellente présentation, compétences techniques à jour. Reprise rapide visée.",0
ID_SYN_2479,20.0,Bac,3.2,G1801,81488,1.0,0,Projet de reconversion à affiner. Besoin d'une formation complémentaire.,1
ID_SYN_2480,25.0,Bac,1.1,H1504,37922,1.0,0,"Perte de confiance importante. Risque d'exclusion, barrière de la langue.",2
ID_SYN_2481,54.0,Bac,0.6,N4101,30020,0.0,0,"Candidat très dynamique, mobilité nationale validée. Projet clair.",0
ID_SYN_2482,39.0,Bac,2.3,M1501,80099,1.0,0,"Perte de confiance importante. Risque d'exclusion, barrière de la langue.",2
ID_SYN_2483,49.0,Bac+2,5.5,M1602,60099,1.0,0,"Candidat très dynamique, mobilité nationale validée. Projet clair.",0
ID_SYN_2484,50.0,Bac+2,7.0,D1210,20150,1.0,0,Cumul de difficultés. Pas de moyen de transport et garde d'enfants complexe.,2
ID_SYN_2485,29.0,Bac+2,6.1,M1501,88688,0.0,0,"Profil autonome, recherche active, aucun frein périphérique identifié.",0
ID_SYN_2486,39.0,Bac+2,1.8,F1603,21669,1.0,1,Projet de reconversion à affiner. Besoin d'une formation complémentaire.,1
ID_SYN_2487,37.0,Sans diplôme,8.3,C1201,63749,1.0,0,Problème ponctuel de mobilité géographique. Zone mal desservie.,2
ID_SYN_2488,21.0,Bac,5.6,M1801,94029,1.0,0,"Candidat très dynamique, mobilité nationale validée. Projet clair.",0
ID_SYN_2489,60.0,Bac,3.4,A1301,33038,1.0,0,Problème ponctuel de mobilité géographique. Zone mal desservie.,2
ID_SYN_2490,,Bac,4.2,C1501,95835,1.0,0,Projet de reconversion à affiner. Besoin d'une formation complémentaire.,1
ID_SYN_2491,26.0,Bac+2,3.0,C1110,18873,0.0,0,"Excellente présentation, compétences techniques à jour. Reprise rapide visée.",0
ID_SYN_2492,25.0,Sans diplôme,0.9,K2106,93665,0.0,0,"Excellente présentation, compétences techniques à jour. Reprise rapide visée.",1
ID_SYN_2493,50.0,Sans diplôme,4.2,M1203,57392,1.0,0,Compétences à réactualiser sur les outils numériques. Motivation correcte.,2
ID_SYN_2494,35.0,Sans diplôme,5.1,M1203,40104,0.0,0,"Excellente présentation, compétences techniques à jour. Reprise rapide visée.",1
ID_SYN_2495,25.0,Bac+2,5.8,M1203,49625,0.0,0,Cumul de difficultés. Pas de moyen de transport et garde d'enfants complexe.,2
ID_SYN_2496,,Sans diplôme,0.7,A1301,33592,0.0,0,Problème ponctuel de mobilité géographique. Zone mal desservie.,2
ID_SYN_2497,35.0,Bac,3.4,G1602,31407,1.0,0,Compétences à réactualiser sur les outils numériques. Motivation correcte.,1
ID_SYN_2498,55.0,Bac+2,3.4,K2111,04672,1.0,0,"Perte de confiance importante. Risque d'exclusion, barrière de la langue.",2
ID_SYN_2499,,Bac+5,1.0,M1501,37776,1.0,0,Problème ponctuel de mobilité géographique. Zone mal desservie.,0
